{"_id":{"$oid":"57b1e9317fea4b73228bff98"},"username":"HertzEndah","index":747,"data_id":"/HertzEndah/status/590766838130290688?p=v","url":"590766838130290688","time_tweet":"21 Apr 15","text_tweet":"Obat DBD buat arif. Semoga cepat sembuh. fb.me/3ZE9Q8Yzp","original_tweet":"\u003cdiv class=\"dir-ltr\" dir=\"ltr\"\u003e  Obat \u003cspan class=\"twitter-hit-highlight\"\u003eDBD\u003c/span\u003e buat arif. Semoga cepat sembuh. \u003ca href=\"http://t.co/qJ7RDFbdvi\" rel=\"nofollow\" dir=\"ltr\" data-expanded-url=\"http://fb.me/3ZE9Q8Yzp\" data-url=\"http://fb.me/3ZE9Q8Yzp\" class=\"twitter_external_link dir-ltr tco-link\" target=\"_blank\" title=\"http://fb.me/3ZE9Q8Yzp\"\u003efb.me/3ZE9Q8Yzp\u003c/a\u003e\n\u003c/div\u003e"}
{"_id":{"$oid":"57b1e9317fea4b73228bff99"},"username":"treatradio","index":748,"data_id":"/treatradio/status/590765563770576896?p=v","url":"590765563770576896","time_tweet":"21 Apr 15","text_tweet":"Disamping adanya hari Bumi, saat ini juga di peringati sebagai Hari Demam berdarah. ASEAN pun ikut berpatisipasi dalam memperingati Hari DBD","original_tweet":"\u003cdiv class=\"dir-ltr\" dir=\"ltr\"\u003e  Disamping adanya hari Bumi, saat ini juga di peringati sebagai Hari \u003cspan class=\"twitter-hit-highlight\"\u003eDemam berdarah\u003c/span\u003e. ASEAN pun ikut berpatisipasi dalam memperingati Hari \u003cspan class=\"twitter-hit-highlight\"\u003eDBD\u003c/span\u003e\n\u003c/div\u003e"}
{"_id":{"$oid":"57b1e9317fea4b73228bff9a"},"username":"setanlicious","index":749,"data_id":"/setanlicious/status/590760772638244864?p=v","url":"590760772638244864","time_tweet":"21 Apr 15","text_tweet":"Terhindar dari demam berdarah, Seorang ABG kini terserang demam korea -____-","original_tweet":"\u003cdiv class=\"dir-ltr\" dir=\"ltr\"\u003e  Terhindar dari \u003cspan class=\"twitter-hit-highlight\"\u003edemam berdarah\u003c/span\u003e, Seorang ABG kini terserang demam korea -____-\n\u003c/div\u003e"}
{"_id":{"$oid":"57b1e9317fea4b73228bff9b"},"username":"dineke_DBD","index":750,"data_id":"/dineke_DBD/status/590756140524404738?p=v","url":"590756140524404738","time_tweet":"21 Apr 15","text_tweet":"Yasudahlah-,-","original_tweet":"\u003cdiv class=\"dir-ltr\" dir=\"ltr\"\u003e  Yasudahlah-,-\n\u003c/div\u003e"}
{"_id":{"$oid":"57b1e9317fea4b73228bff9c"},"username":"dineke_DBD","index":751,"data_id":"/dineke_DBD/status/590756074409611265?p=v","url":"590756074409611265","time_tweet":"21 Apr 15","text_tweet":"Yuhuuuuu","original_tweet":"\u003cdiv class=\"dir-ltr\" dir=\"ltr\"\u003e  Yuhuuuuu\n\u003c/div\u003e"}
{"_id":{"$oid":"57b1e9317fea4b73228bff9d"},"username":"dineke_DBD","index":752,"data_id":"/dineke_DBD/status/590755957304643584?p=v","url":"590755957304643584","time_tweet":"21 Apr 15","text_tweet":"kelas 6\"@DoraemonNanyain Waktu SD paling seru pas kelas berapa ?","original_tweet":"\u003cdiv class=\"dir-ltr\" dir=\"ltr\"\u003e  kelas 6\"\u003ca href=\"/DoraemonNanyain\" class=\"twitter-atreply dir-ltr\" dir=\"ltr\" data-mentioned-user-id=\"592617428\" data-screenname=\"DoraemonNanyain\"\u003e@DoraemonNanyain\u003c/a\u003e Waktu SD paling seru pas kelas berapa ?\n\u003c/div\u003e"}
{"_id":{"$oid":"57b1e9317fea4b73228bff9e"},"username":"fisioterapiUNUD","index":753,"data_id":"/fisioterapiUNUD/status/590750633243897856?p=v","url":"590750633243897856","time_tweet":"21 Apr 15","text_tweet":"Selamat hari demam berdarah. Stop dengue! Act now! pic.twitter.com/VydDHdll8g","original_tweet":"\u003cdiv class=\"dir-ltr\" dir=\"ltr\"\u003e  Selamat hari \u003cspan class=\"twitter-hit-highlight\"\u003edemam berdarah\u003c/span\u003e. Stop dengue! Act now! \u003ca href=\"http://t.co/VydDHdll8g\" data-pre-embedded=\"true\" rel=\"nofollow\" data-entity-id=\"590750494735347714\" dir=\"ltr\" data-url=\"http://twitter.com/fisioterapiUNUD/status/590750633243897856/photo/1\" data-tco-id=\"VydDHdll8g\" class=\"twitter_external_link dir-ltr tco-link has-expanded-path\" target=\"_top\" data-expanded-path=\"/fisioterapiUNUD/status/590750633243897856/photo/1\"\u003epic.twitter.com/VydDHdll8g\u003c/a\u003e\n\u003c/div\u003e"}
{"_id":{"$oid":"57b1e9317fea4b73228bff9f"},"username":"KupasFakta","index":754,"data_id":"/KupasFakta/status/590749504321806336?p=v","url":"590749504321806336","time_tweet":"21 Apr 15","text_tweet":"Nyamuk membawa penyakit (malaria, demam berdarah, dll). jadi bukan nyamuknya sendiri yang membunuh, tetapi penyakit yang dibawanya.","original_tweet":"\u003cdiv class=\"dir-ltr\" dir=\"ltr\"\u003e  Nyamuk membawa penyakit (malaria, \u003cspan class=\"twitter-hit-highlight\"\u003edemam berdarah\u003c/span\u003e, dll). jadi bukan nyamuknya sendiri yang membunuh, tetapi penyakit yang dibawanya.\n\u003c/div\u003e"}
{"_id":{"$oid":"57b1e9317fea4b73228bffa0"},"username":"chornelliamarta","index":755,"data_id":"/chornelliamarta/status/590748799636758528?p=v","url":"590748799636758528","time_tweet":"21 Apr 15","text_tweet":"Virus dengue adalah salah satu penyebab munculnya gejala demam berdarahâ€¦ (w/ Maharani, Lisa, \u0026; 6 others) [pic] â€” path.com/p/104wLQ","original_tweet":"\u003cdiv class=\"dir-ltr\" dir=\"ltr\"\u003e  Virus dengue adalah salah satu penyebab munculnya gejala \u003cspan class=\"twitter-hit-highlight\"\u003edemam berdarah\u003c/span\u003eâ€¦ (w/ Maharani, Lisa, \u0026amp; 6 others) [pic] â€” \u003ca href=\"https://t.co/r5KvY4TZZw\" rel=\"nofollow\" dir=\"ltr\" data-expanded-url=\"https://path.com/p/104wLQ\" data-url=\"https://path.com/p/104wLQ\" class=\"twitter_external_link dir-ltr tco-link\" target=\"_blank\" title=\"https://path.com/p/104wLQ\"\u003epath.com/p/104wLQ\u003c/a\u003e\n\u003c/div\u003e"}
{"_id":{"$oid":"57b1e9317fea4b73228bffa1"},"username":"butiKavaka","index":756,"data_id":"/butiKavaka/status/590747192140365824?p=v","url":"590747192140365824","time_tweet":"21 Apr 15","text_tweet":"#InfoKesehatan | AWAS DEMAM BERDARAH mengintai kita, Cegah dgn cara ini \u0026gt;\u0026gt; goo.gl/6mSCQB | @INFOwargaDKI @duniaWANITA_","original_tweet":"\u003cdiv class=\"dir-ltr\" dir=\"ltr\"\u003e  \u003ca href=\"/hashtag/InfoKesehatan?src=hash\" data-query-source=\"hashtag_click\" class=\"twitter-hashtag dir-ltr\" dir=\"ltr\"\u003e#InfoKesehatan\u003c/a\u003e | AWAS \u003cspan class=\"twitter-hit-highlight\"\u003eDEMAM BERDARAH\u003c/span\u003e mengintai kita, Cegah dgn cara ini \u0026gt;\u0026gt; \u003ca href=\"http://t.co/EKkVwLqwv6\" rel=\"nofollow\" dir=\"ltr\" data-expanded-url=\"http://goo.gl/6mSCQB\" data-url=\"http://goo.gl/6mSCQB\" class=\"twitter_external_link dir-ltr tco-link\" target=\"_blank\" title=\"http://goo.gl/6mSCQB\"\u003egoo.gl/6mSCQB\u003c/a\u003e | \u003ca href=\"/INFOwargaDKI\" class=\"twitter-atreply dir-ltr\" dir=\"ltr\" data-mentioned-user-id=\"316264120\" data-screenname=\"INFOwargaDKI\"\u003e@INFOwargaDKI\u003c/a\u003e \u003ca href=\"/duniaWANITA_\" class=\"twitter-atreply dir-ltr\" dir=\"ltr\" data-mentioned-user-id=\"873071179\" data-screenname=\"duniaWANITA_\"\u003e@duniaWANITA_\u003c/a\u003e\n\u003c/div\u003e"}
{"_id":{"$oid":"57b1e9317fea4b73228bffa2"},"username":"DokterkecilCom","index":757,"data_id":"/DokterkecilCom/status/590742717623316480?p=v","url":"590742717623316480","time_tweet":"21 Apr 15","text_tweet":"Bersamaan dengan terhisapnya darah dari orang yang sehat, virus demam berdarah juga berpindah ke orang tersebut.","original_tweet":"\u003cdiv class=\"dir-ltr\" dir=\"ltr\"\u003e  Bersamaan dengan terhisapnya darah dari orang yang sehat, virus \u003cspan class=\"twitter-hit-highlight\"\u003edemam berdarah\u003c/span\u003e juga berpindah ke orang tersebut.\n\u003c/div\u003e"}
{"_id":{"$oid":"57b1e9317fea4b73228bffa3"},"username":"DokterkecilCom","index":758,"data_id":"/DokterkecilCom/status/590742548228001794?p=v","url":"590742548228001794","time_tweet":"21 Apr 15","text_tweet":"Aedes aegypti merupakan jenis nyamuk yang dapat membawa virus dengue penyebab penyakit demam berdarah.","original_tweet":"\u003cdiv class=\"dir-ltr\" dir=\"ltr\"\u003e  Aedes aegypti merupakan jenis nyamuk yang dapat membawa virus dengue penyebab penyakit \u003cspan class=\"twitter-hit-highlight\"\u003edemam berdarah\u003c/span\u003e.\n\u003c/div\u003e"}
{"_id":{"$oid":"57b1e9317fea4b73228bffa4"},"username":"DokterkecilCom","index":759,"data_id":"/DokterkecilCom/status/590742139836989440?p=v","url":"590742139836989440","time_tweet":"21 Apr 15","text_tweet":"Sobat Dokcil, hari ini adalah Hari Demam Berdarah. Mari kita tingkatkn ksadaran masyarakt akan bahaya pnyakit ini ya. pic.twitter.com/ZfXqNmtria","original_tweet":"\u003cdiv class=\"dir-ltr\" dir=\"ltr\"\u003e  Sobat Dokcil, hari ini adalah Hari \u003cspan class=\"twitter-hit-highlight\"\u003eDemam Berdarah\u003c/span\u003e. Mari kita tingkatkn ksadaran masyarakt akan bahaya pnyakit ini ya. \u003ca href=\"http://t.co/ZfXqNmtria\" data-pre-embedded=\"true\" rel=\"nofollow\" data-entity-id=\"590742138234732545\" dir=\"ltr\" data-url=\"http://twitter.com/DokterkecilCom/status/590742139836989440/photo/1\" data-tco-id=\"ZfXqNmtria\" class=\"twitter_external_link dir-ltr tco-link has-expanded-path\" target=\"_top\" data-expanded-path=\"/DokterkecilCom/status/590742139836989440/photo/1\"\u003epic.twitter.com/ZfXqNmtria\u003c/a\u003e\n\u003c/div\u003e"}
{"_id":{"$oid":"57b1e9317fea4b73228bffa5"},"username":"xamthoneindo","index":760,"data_id":"/xamthoneindo/status/590741393271824384?p=v","url":"590741393271824384","time_tweet":"21 Apr 15","text_tweet":"Obat Demam Berdarah Tradisional Alami: youtu.be/5AWhL0GCdGI?a melalui @YouTube","original_tweet":"\u003cdiv class=\"dir-ltr\" dir=\"ltr\"\u003e  Obat \u003cspan class=\"twitter-hit-highlight\"\u003eDemam Berdarah\u003c/span\u003e Tradisional Alami: \u003ca href=\"http://t.co/EpxM1jvdmL\" rel=\"nofollow\" dir=\"ltr\" data-expanded-url=\"http://youtu.be/5AWhL0GCdGI?a\" data-url=\"http://youtu.be/5AWhL0GCdGI?a\" class=\"twitter_external_link dir-ltr tco-link\" target=\"_blank\" title=\"http://youtu.be/5AWhL0GCdGI?a\"\u003eyoutu.be/5AWhL0GCdGI?a\u003c/a\u003e melalui \u003ca href=\"/YouTube\" class=\"twitter-atreply dir-ltr\" dir=\"ltr\" data-mentioned-user-id=\"10228272\" data-screenname=\"YouTube\"\u003e@YouTube\u003c/a\u003e\n\u003c/div\u003e"}
{"_id":{"$oid":"57b1e9317fea4b73228bffa6"},"username":"kdnovitad","index":761,"data_id":"/kdnovitad/status/590740042429128704?p=v","url":"590740042429128704","time_tweet":"21 Apr 15","text_tweet":"Semangat modul DBD dan TB ðŸ’ª (with Sharoya and Dll at Ruang Kuliah Patologi Anatomi FK UNAIR) â€” path.com/p/331gva","original_tweet":"\u003cdiv class=\"dir-ltr\" dir=\"ltr\"\u003e  Semangat modul \u003cspan class=\"twitter-hit-highlight\"\u003eDBD\u003c/span\u003e dan TB ðŸ’ª (with Sharoya and Dll at Ruang Kuliah Patologi Anatomi FK UNAIR) â€” \u003ca href=\"https://t.co/TgP2U3ZgYf\" rel=\"nofollow\" dir=\"ltr\" data-expanded-url=\"https://path.com/p/331gva\" data-url=\"https://path.com/p/331gva\" class=\"twitter_external_link dir-ltr tco-link\" target=\"_blank\" title=\"https://path.com/p/331gva\"\u003epath.com/p/331gva\u003c/a\u003e\n\u003c/div\u003e"}
{"_id":{"$oid":"57b1e9317fea4b73228bffa7"},"username":"rumahzakat","index":762,"data_id":"/rumahzakat/status/590735373657079809?p=v","url":"590735373657079809","time_tweet":"21 Apr 15","text_tweet":"Kak Inayati S.ked sedangberbagi inspirasi tentang Demam Berdarah dan Jentik di SD sabranglor #PekanBerbagi pic.twitter.com/Iwgi5VVvtG","original_tweet":"\u003cdiv class=\"dir-ltr\" dir=\"ltr\"\u003e  Kak Inayati S.ked sedangberbagi inspirasi tentang \u003cspan class=\"twitter-hit-highlight\"\u003eDemam Berdarah\u003c/span\u003e dan Jentik di SD sabranglor \u003ca href=\"/hashtag/PekanBerbagi?src=hash\" data-query-source=\"hashtag_click\" class=\"twitter-hashtag dir-ltr\" dir=\"ltr\"\u003e#PekanBerbagi\u003c/a\u003e \u003ca href=\"http://t.co/Iwgi5VVvtG\" data-pre-embedded=\"true\" rel=\"nofollow\" data-entity-id=\"590706442941952003\" dir=\"ltr\" data-url=\"http://twitter.com/pejoeangmuda/status/590706443105468416/photo/1\" data-tco-id=\"Iwgi5VVvtG\" class=\"twitter_external_link dir-ltr tco-link has-expanded-path\" target=\"_top\" data-expanded-path=\"/pejoeangmuda/status/590706443105468416/photo/1\"\u003epic.twitter.com/Iwgi5VVvtG\u003c/a\u003e\n\u003c/div\u003e"}
{"_id":{"$oid":"57b1e9317fea4b73228bffa8"},"username":"bemfkusakti","index":763,"data_id":"/bemfkusakti/status/590735250311008256?p=v","url":"590735250311008256","time_tweet":"21 Apr 15","text_tweet":"Stop dbd! Pahami langkah- langkah pencegahannya krn mencegah lebih baik daripada mengobati! pic.twitter.com/6JSMHvOvui","original_tweet":"\u003cdiv class=\"dir-ltr\" dir=\"ltr\"\u003e  Stop \u003cspan class=\"twitter-hit-highlight\"\u003edbd\u003c/span\u003e! Pahami langkah- langkah pencegahannya krn mencegah lebih baik daripada mengobati! \u003ca href=\"http://t.co/6JSMHvOvui\" data-pre-embedded=\"true\" rel=\"nofollow\" data-entity-id=\"590735220611096576\" dir=\"ltr\" data-url=\"http://twitter.com/bemfkusakti/status/590735250311008256/photo/1\" data-tco-id=\"6JSMHvOvui\" class=\"twitter_external_link dir-ltr tco-link has-expanded-path\" target=\"_top\" data-expanded-path=\"/bemfkusakti/status/590735250311008256/photo/1\"\u003epic.twitter.com/6JSMHvOvui\u003c/a\u003e\n\u003c/div\u003e"}
{"_id":{"$oid":"57b1e93a7fea4b73228bffa9"},"username":"naaasiii","index":764,"data_id":"/naaasiii/status/590735030718177280?p=v","url":"590735030718177280","time_tweet":"21 Apr 15","text_tweet":"sekarang demam batu akik \"@sketsaLUCU Berhasil Terhindar dari demam berdarah, Seorang ABG kini terserang demam korea","original_tweet":"\u003cdiv class=\"dir-ltr\" dir=\"ltr\"\u003e  sekarang demam batu akik \"\u003ca href=\"/sketsaLUCU\" class=\"twitter-atreply dir-ltr\" dir=\"ltr\" data-mentioned-user-id=\"430780056\" data-screenname=\"sketsaLUCU\"\u003e@sketsaLUCU\u003c/a\u003e Berhasil Terhindar dari \u003cspan class=\"twitter-hit-highlight\"\u003edemam berdarah\u003c/span\u003e, Seorang ABG kini terserang demam korea\n\u003c/div\u003e"}
{"_id":{"$oid":"57b1e93a7fea4b73228bffaa"},"username":"vuznamarzuqoh","index":765,"data_id":"/vuznamarzuqoh/status/590734744599584769?p=v","url":"590734744599584769","time_tweet":"21 Apr 15","text_tweet":"Sudah ada dua korban anak kecil terkena demam berdarah di daerah saya. Salah satunya sepupu saya.","original_tweet":"\u003cdiv class=\"dir-ltr\" dir=\"ltr\"\u003e  Sudah ada dua korban anak kecil terkena \u003cspan class=\"twitter-hit-highlight\"\u003edemam berdarah\u003c/span\u003e di daerah saya. Salah satunya sepupu saya.\n\u003c/div\u003e"}
{"_id":{"$oid":"57b1e93a7fea4b73228bffab"},"username":"ILMAGI","index":766,"data_id":"/ILMAGI/status/590728599952609282?p=v","url":"590728599952609282","time_tweet":"21 Apr 15","text_tweet":"Selamat Hari Demam Berdarah! Perilaku hidup bersih\u0026;sehat adalah langkah sederhana dpt menyelamatkanmu dr bahaya DBD:) pic.twitter.com/sBMnKfu91j","original_tweet":"\u003cdiv class=\"dir-ltr\" dir=\"ltr\"\u003e  Selamat Hari \u003cspan class=\"twitter-hit-highlight\"\u003eDemam Berdarah\u003c/span\u003e! Perilaku hidup bersih\u0026amp;sehat adalah langkah sederhana dpt menyelamatkanmu dr bahaya \u003cspan class=\"twitter-hit-highlight\"\u003eDBD\u003c/span\u003e:) \u003ca href=\"http://t.co/sBMnKfu91j\" data-pre-embedded=\"true\" rel=\"nofollow\" data-entity-id=\"590728598023208961\" dir=\"ltr\" data-url=\"http://twitter.com/ILMAGI/status/590728599952609282/photo/1\" data-tco-id=\"sBMnKfu91j\" class=\"twitter_external_link dir-ltr tco-link has-expanded-path\" target=\"_top\" data-expanded-path=\"/ILMAGI/status/590728599952609282/photo/1\"\u003epic.twitter.com/sBMnKfu91j\u003c/a\u003e\n\u003c/div\u003e"}
{"_id":{"$oid":"57b1e93a7fea4b73228bffac"},"username":"Asri_955","index":767,"data_id":"/Asri_955/status/590727748550844416?p=v","url":"590727748550844416","time_tweet":"21 Apr 15","text_tweet":"Ngobrolin \"Demam Berdarah\" bareng Puskesmas Gemolong #BincangSiang sampai jam 12 :) ada yg tanya??","original_tweet":"\u003cdiv class=\"dir-ltr\" dir=\"ltr\"\u003e  Ngobrolin \"\u003cspan class=\"twitter-hit-highlight\"\u003eDemam Berdarah\u003c/span\u003e\" bareng Puskesmas Gemolong \u003ca href=\"/hashtag/BincangSiang?src=hash\" data-query-source=\"hashtag_click\" class=\"twitter-hashtag dir-ltr\" dir=\"ltr\"\u003e#BincangSiang\u003c/a\u003e sampai jam 12 :) ada yg tanya??\n\u003c/div\u003e"}
{"_id":{"$oid":"57b1e93a7fea4b73228bffad"},"username":"holisticareID","index":768,"data_id":"/holisticareID/status/590726734326149120?p=v","url":"590726734326149120","time_tweet":"21 Apr 15","text_tweet":"Pengetahuan yang holistic (menyeluruh) sangat dibutuhkan untuk mendeteksi penyakit demam berdarah. Demam tinggi... fb.me/7fTMokUGr","original_tweet":"\u003cdiv class=\"dir-ltr\" dir=\"ltr\"\u003e  Pengetahuan yang holistic (menyeluruh) sangat dibutuhkan untuk mendeteksi penyakit \u003cspan class=\"twitter-hit-highlight\"\u003edemam berdarah\u003c/span\u003e. Demam tinggi... \u003ca href=\"http://t.co/lHPs5efLlw\" rel=\"nofollow\" dir=\"ltr\" data-expanded-url=\"http://fb.me/7fTMokUGr\" data-url=\"http://fb.me/7fTMokUGr\" class=\"twitter_external_link dir-ltr tco-link\" target=\"_blank\" title=\"http://fb.me/7fTMokUGr\"\u003efb.me/7fTMokUGr\u003c/a\u003e\n\u003c/div\u003e"}
{"_id":{"$oid":"57b1e93a7fea4b73228bffae"},"username":"NunuNers","index":769,"data_id":"/NunuNers/status/590722653947875329?p=v","url":"590722653947875329","time_tweet":"21 Apr 15","text_tweet":"Hari Demam Berdarah Dengue NasionalRabu, 22 April 2015Demam Berdarah Dengue (DBD) masih menjadiâ€¦ instagram.com/p/1wzbSqjZHB/","original_tweet":"\u003cdiv class=\"dir-ltr\" dir=\"ltr\"\u003e  Hari \u003cspan class=\"twitter-hit-highlight\"\u003eDemam Berdarah\u003c/span\u003e Dengue Nasional\n\nRabu, 22 April 2015\n\u003cspan class=\"twitter-hit-highlight\"\u003eDemam Berdarah\u003c/span\u003e Dengue (\u003cspan class=\"twitter-hit-highlight\"\u003eDBD\u003c/span\u003e) masih menjadiâ€¦ \u003ca href=\"https://t.co/L6WBO97VLS\" rel=\"nofollow\" dir=\"ltr\" data-expanded-url=\"https://instagram.com/p/1wzbSqjZHB/\" data-url=\"https://instagram.com/p/1wzbSqjZHB/\" class=\"twitter_external_link dir-ltr tco-link\" target=\"_blank\" title=\"https://instagram.com/p/1wzbSqjZHB/\"\u003einstagram.com/p/1wzbSqjZHB/\u003c/a\u003e\n\u003c/div\u003e"}
{"_id":{"$oid":"57b1e93a7fea4b73228bffaf"},"username":"FKUNCEN","index":770,"data_id":"/FKUNCEN/status/590719069327859712?p=v","url":"590719069327859712","time_tweet":"21 Apr 15","text_tweet":"Hari ini hari bumi dan hari DBD juga. Jadi, Selamat Hari Bumi \u0026; Waspada Demam Berdarah Dengue ya! :)","original_tweet":"\u003cdiv class=\"dir-ltr\" dir=\"ltr\"\u003e  Hari ini hari bumi dan hari \u003cspan class=\"twitter-hit-highlight\"\u003eDBD\u003c/span\u003e juga. Jadi, Selamat Hari Bumi \u0026amp; Waspada \u003cspan class=\"twitter-hit-highlight\"\u003eDemam Berdarah\u003c/span\u003e Dengue ya! :)\n\u003c/div\u003e"}
{"_id":{"$oid":"57b1e93a7fea4b73228bffb0"},"username":"aardhidr","index":771,"data_id":"/aardhidr/status/590717576520593408?p=v","url":"590717576520593408","time_tweet":"21 Apr 15","text_tweet":"@bemfkusakti Hari Demam Berdarah | Waspada dengan bahayanya | Lakukan langkah pencegahannya instagram.com/p/1wxHdFxNUy/","original_tweet":"\u003cdiv class=\"dir-ltr\" dir=\"ltr\"\u003e  \u003ca href=\"/bemfkusakti\" class=\"twitter-atreply dir-ltr\" dir=\"ltr\" data-mentioned-user-id=\"269157844\" data-screenname=\"bemfkusakti\"\u003e@bemfkusakti\u003c/a\u003e Hari \u003cspan class=\"twitter-hit-highlight\"\u003eDemam Berdarah\u003c/span\u003e | Waspada dengan bahayanya | Lakukan langkah pencegahannya \u003ca href=\"https://t.co/Rndwlg55G0\" rel=\"nofollow\" dir=\"ltr\" data-expanded-url=\"https://instagram.com/p/1wxHdFxNUy/\" data-url=\"https://instagram.com/p/1wxHdFxNUy/\" class=\"twitter_external_link dir-ltr tco-link\" target=\"_blank\" title=\"https://instagram.com/p/1wxHdFxNUy/\"\u003einstagram.com/p/1wxHdFxNUy/\u003c/a\u003e\n\u003c/div\u003e"}
{"_id":{"$oid":"57b1e93a7fea4b73228bffb1"},"username":"deskanita","index":772,"data_id":"/deskanita/status/590710883266990080?p=v","url":"590710883266990080","time_tweet":"21 Apr 15","text_tweet":"\"@puskomdepkes: 7/9. 3. Fase pertama panas tinggi selama 1-3 hari, kemudian turun drastis 4-5 hari #DBD\" hari ke 1-3 dan hari ke 4-5","original_tweet":"\u003cdiv class=\"dir-ltr\" dir=\"ltr\"\u003e  \"\u003ca href=\"/puskomdepkes\" class=\"twitter-atreply dir-ltr\" dir=\"ltr\" data-mentioned-user-id=\"3138648355\" data-screenname=\"puskomdepkes\"\u003e@puskomdepkes\u003c/a\u003e: 7/9. 3. Fase pertama panas tinggi selama 1-3 hari, kemudian turun drastis 4-5 hari \u003ca href=\"/hashtag/DBD?src=hash\" data-query-source=\"hashtag_click\" class=\"twitter-hashtag dir-ltr\" dir=\"ltr\"\u003e#\u003cspan class=\"twitter-hit-highlight\"\u003eDBD\u003c/span\u003e\u003c/a\u003e\" hari ke 1-3 dan hari ke 4-5\n\u003c/div\u003e"}
{"_id":{"$oid":"57b1e93a7fea4b73228bffb2"},"username":"uddevil","index":773,"data_id":"/uddevil/status/590708326855532546?p=v","url":"590708326855532546","time_tweet":"21 Apr 15","text_tweet":"db itu ada 3 macem.. database, demam berdarah, dan dalembanget. Saya sih prefer dalembanget.","original_tweet":"\u003cdiv class=\"dir-ltr\" dir=\"ltr\"\u003e  db itu ada 3 macem.. database, \u003cspan class=\"twitter-hit-highlight\"\u003edemam berdarah\u003c/span\u003e, dan dalembanget. Saya sih prefer dalembanget.\n\u003c/div\u003e"}
{"_id":{"$oid":"57b1e93a7fea4b73228bffb3"},"username":"fsimfkulm","index":774,"data_id":"/fsimfkulm/status/590703420815908865?p=v","url":"590703420815908865","time_tweet":"21 Apr 15","text_tweet":"Hari demam berdarah dengue (DBD) 22th april pic.twitter.com/KJAXiJgdLZ","original_tweet":"\u003cdiv class=\"dir-ltr\" dir=\"ltr\"\u003e  Hari \u003cspan class=\"twitter-hit-highlight\"\u003edemam berdarah\u003c/span\u003e dengue (\u003cspan class=\"twitter-hit-highlight\"\u003eDBD\u003c/span\u003e) 22th april \u003ca href=\"http://t.co/KJAXiJgdLZ\" data-pre-embedded=\"true\" rel=\"nofollow\" data-entity-id=\"590703379132866561\" dir=\"ltr\" data-url=\"http://twitter.com/FSIMFKUnlam/status/590703420815908865/photo/1\" data-tco-id=\"KJAXiJgdLZ\" class=\"twitter_external_link dir-ltr tco-link has-expanded-path\" target=\"_top\" data-expanded-path=\"/FSIMFKUnlam/status/590703420815908865/photo/1\"\u003epic.twitter.com/KJAXiJgdLZ\u003c/a\u003e\n\u003c/div\u003e"}
{"_id":{"$oid":"57b1e93a7fea4b73228bffb4"},"username":"aslankds","index":775,"data_id":"/aslankds/status/590703101440581634?p=v","url":"590703101440581634","time_tweet":"21 Apr 15","text_tweet":"Musim Hujan, Kenali dan Waspadai Demam Berdarah udoctor.co.id/infeksi--penyaâ€¦ via @udoctorID","original_tweet":"\u003cdiv class=\"dir-ltr\" dir=\"ltr\"\u003e  Musim Hujan, Kenali dan Waspadai \u003cspan class=\"twitter-hit-highlight\"\u003eDemam Berdarah\u003c/span\u003e \u003ca href=\"http://t.co/Ntnp2qDHtv\" rel=\"nofollow\" dir=\"ltr\" data-expanded-url=\"http://udoctor.co.id/infeksi--penyakit-menular/musim-hujan-kenali-dan-waspadai-demam-berdarah-read-385.html\" data-url=\"http://udoctor.co.id/infeksi--penyakit-menular/musim-hujan-kenali-dan-waspadai-demam-berdarah-read-385.html\" class=\"twitter_external_link dir-ltr tco-link\" target=\"_blank\" title=\"http://udoctor.co.id/infeksi--penyakit-menular/musim-hujan-kenali-dan-waspadai-demam-berdarah-read-385.html\"\u003eudoctor.co.id/infeksi--penyaâ€¦\u003c/a\u003e via \u003ca href=\"/UDoctorID\" class=\"twitter-atreply dir-ltr\" dir=\"ltr\" data-mentioned-user-id=\"2284749008\" data-screenname=\"UDoctorID\"\u003e@udoctorID\u003c/a\u003e\n\u003c/div\u003e"}
{"_id":{"$oid":"57b1e93a7fea4b73228bffb5"},"username":"violettaviona","index":776,"data_id":"/violettaviona/status/590698781261332480?p=v","url":"590698781261332480","time_tweet":"21 Apr 15","text_tweet":"Demam Berdarah merupakan penyakit endemik di Asia Tenggara, salah satunya Indonesia. WHO memperkirakanâ€¦ [pic] â€” path.com/p/1BFJfv","original_tweet":"\u003cdiv class=\"dir-ltr\" dir=\"ltr\"\u003e  \u003cspan class=\"twitter-hit-highlight\"\u003eDemam Berdarah\u003c/span\u003e merupakan penyakit endemik di Asia Tenggara, salah satunya Indonesia. WHO memperkirakanâ€¦ [pic] â€” \u003ca href=\"https://t.co/POz4nUePpe\" rel=\"nofollow\" dir=\"ltr\" data-expanded-url=\"https://path.com/p/1BFJfv\" data-url=\"https://path.com/p/1BFJfv\" class=\"twitter_external_link dir-ltr tco-link\" target=\"_blank\" title=\"https://path.com/p/1BFJfv\"\u003epath.com/p/1BFJfv\u003c/a\u003e\n\u003c/div\u003e"}
{"_id":{"$oid":"57b1e93a7fea4b73228bffb6"},"username":"llhitsnnyh","index":777,"data_id":"/llhitsnnyh/status/590698712420212737?p=v","url":"590698712420212737","time_tweet":"21 Apr 15","text_tweet":"Lagi musim tipus, dbd sama usus buntu. Ya Allah beriâ€¦ (at Bengkel Teknik Refrigerasi Tata Udara POLBAN) [pic] â€” path.com/p/UbO57","original_tweet":"\u003cdiv class=\"dir-ltr\" dir=\"ltr\"\u003e  Lagi musim tipus, \u003cspan class=\"twitter-hit-highlight\"\u003edbd\u003c/span\u003e sama usus buntu. Ya Allah beriâ€¦ (at Bengkel Teknik Refrigerasi Tata Udara POLBAN) [pic] â€” \u003ca href=\"https://t.co/AcCn5dwYU2\" rel=\"nofollow\" dir=\"ltr\" data-expanded-url=\"https://path.com/p/UbO57\" data-url=\"https://path.com/p/UbO57\" class=\"twitter_external_link dir-ltr tco-link\" target=\"_blank\" title=\"https://path.com/p/UbO57\"\u003epath.com/p/UbO57\u003c/a\u003e\n\u003c/div\u003e"}
{"_id":{"$oid":"57b1e93a7fea4b73228bffb7"},"username":"KimiaFarmaCare","index":778,"data_id":"/KimiaFarmaCare/status/590697655443070977?p=v","url":"590697655443070977","time_tweet":"21 Apr 15","text_tweet":"Cegah Demam Berdarah dengan 3M Plus! - Hari Demam Berdarah 22 April #DBD pic.twitter.com/Z13OFhwsH0","original_tweet":"\u003cdiv class=\"dir-ltr\" dir=\"ltr\"\u003e  Cegah \u003cspan class=\"twitter-hit-highlight\"\u003eDemam Berdarah\u003c/span\u003e dengan 3M Plus! - Hari \u003cspan class=\"twitter-hit-highlight\"\u003eDemam Berdarah\u003c/span\u003e 22 April \u003ca href=\"/hashtag/DBD?src=hash\" data-query-source=\"hashtag_click\" class=\"twitter-hashtag dir-ltr\" dir=\"ltr\"\u003e#\u003cspan class=\"twitter-hit-highlight\"\u003eDBD\u003c/span\u003e\u003c/a\u003e \u003ca href=\"http://t.co/Z13OFhwsH0\" data-pre-embedded=\"true\" rel=\"nofollow\" data-entity-id=\"590697653102579712\" dir=\"ltr\" data-url=\"http://twitter.com/KimiaFarmaCare/status/590697655443070977/photo/1\" data-tco-id=\"Z13OFhwsH0\" class=\"twitter_external_link dir-ltr tco-link has-expanded-path\" target=\"_top\" data-expanded-path=\"/KimiaFarmaCare/status/590697655443070977/photo/1\"\u003epic.twitter.com/Z13OFhwsH0\u003c/a\u003e\n\u003c/div\u003e"}
{"_id":{"$oid":"57b1e93a7fea4b73228bffb8"},"username":"KimiaFarmaCare","index":779,"data_id":"/KimiaFarmaCare/status/590694125189595136?p=v","url":"590694125189595136","time_tweet":"21 Apr 15","text_tweet":"PLUS Mencegah dan Memberantas siklus hidup nyamuk Aedes Aegypti #DBD #HariDemamBerdarah #22april","original_tweet":"\u003cdiv class=\"dir-ltr\" dir=\"ltr\"\u003e  PLUS Mencegah dan Memberantas siklus hidup nyamuk Aedes Aegypti \u003ca href=\"/hashtag/DBD?src=hash\" data-query-source=\"hashtag_click\" class=\"twitter-hashtag dir-ltr\" dir=\"ltr\"\u003e#\u003cspan class=\"twitter-hit-highlight\"\u003eDBD\u003c/span\u003e\u003c/a\u003e \u003ca href=\"/hashtag/HariDemamBerdarah?src=hash\" data-query-source=\"hashtag_click\" class=\"twitter-hashtag dir-ltr\" dir=\"ltr\"\u003e#HariDemamBerdarah\u003c/a\u003e \u003ca href=\"/hashtag/22april?src=hash\" data-query-source=\"hashtag_click\" class=\"twitter-hashtag dir-ltr\" dir=\"ltr\"\u003e#22april\u003c/a\u003e\n\u003c/div\u003e"}
{"_id":{"$oid":"57b1e93a7fea4b73228bffb9"},"username":"KimiaFarmaCare","index":780,"data_id":"/KimiaFarmaCare/status/590693376892211200?p=v","url":"590693376892211200","time_tweet":"21 Apr 15","text_tweet":"3/3 Membuang dan Menutup barang bekas yang dapat menampung air! #DBD #HariDemamBerdarah #22april","original_tweet":"\u003cdiv class=\"dir-ltr\" dir=\"ltr\"\u003e  3/3 Membuang dan Menutup barang bekas yang dapat menampung air! \u003ca href=\"/hashtag/DBD?src=hash\" data-query-source=\"hashtag_click\" class=\"twitter-hashtag dir-ltr\" dir=\"ltr\"\u003e#\u003cspan class=\"twitter-hit-highlight\"\u003eDBD\u003c/span\u003e\u003c/a\u003e \u003ca href=\"/hashtag/HariDemamBerdarah?src=hash\" data-query-source=\"hashtag_click\" class=\"twitter-hashtag dir-ltr\" dir=\"ltr\"\u003e#HariDemamBerdarah\u003c/a\u003e \u003ca href=\"/hashtag/22april?src=hash\" data-query-source=\"hashtag_click\" class=\"twitter-hashtag dir-ltr\" dir=\"ltr\"\u003e#22april\u003c/a\u003e\n\u003c/div\u003e"}
{"_id":{"$oid":"57b1e93a7fea4b73228bffba"},"username":"zm_mosh","index":781,"data_id":"/zm_mosh/status/590690651957768193?p=v","url":"590690651957768193","time_tweet":"21 Apr 15","text_tweet":"@DelfySuryadi DBD de.... happy new years :p .. smg pnjg umur sehat slalu n di berkahi Allah SWT","original_tweet":"\u003cdiv class=\"dir-ltr\" dir=\"ltr\"\u003e  \u003ca href=\"/DelfySuryadi\" class=\"twitter-atreply dir-ltr\" dir=\"ltr\" data-mentioned-user-id=\"2154355152\" data-screenname=\"DelfySuryadi\"\u003e@DelfySuryadi\u003c/a\u003e \u003cspan class=\"twitter-hit-highlight\"\u003eDBD\u003c/span\u003e de.... happy new years :p .. smg pnjg umur sehat slalu n di berkahi Allah SWT\n\u003c/div\u003e"}
{"_id":{"$oid":"57b1e93e7fea4b73228bffbb"},"username":"KemenkesRI","index":782,"data_id":"/KemenkesRI/status/590690249614827520?p=v","url":"590690249614827520","time_tweet":"21 Apr 15","text_tweet":"Gejala #DBDpenurunan trombosit â‰¤ 100.000 biasanya ditemukan diantara hari ke 3 â€“ 7","original_tweet":"\u003cdiv class=\"dir-ltr\" dir=\"ltr\"\u003e  Gejala \u003ca href=\"/hashtag/DBD?src=hash\" data-query-source=\"hashtag_click\" class=\"twitter-hashtag dir-ltr\" dir=\"ltr\"\u003e#\u003cspan class=\"twitter-hit-highlight\"\u003eDBD\u003c/span\u003e\u003c/a\u003e  penurunan trombosit â‰¤ 100.000 biasanya ditemukan diantara hari ke 3 â€“ 7\n\u003c/div\u003e"}
{"_id":{"$oid":"57b1e93e7fea4b73228bffbc"},"username":"BEMFIBUI","index":783,"data_id":"/BEMFIBUI/status/590690114432585732?p=v","url":"590690114432585732","time_tweet":"21 Apr 15","text_tweet":"Yuk kita dateng ke #PenyuluhanDBD untuk lingkungan FIB yang bersih, sehat, dan bebas dr wabah DBD","original_tweet":"\u003cdiv class=\"dir-ltr\" dir=\"ltr\"\u003e  Yuk kita dateng ke \u003ca href=\"/hashtag/PenyuluhanDBD?src=hash\" data-query-source=\"hashtag_click\" class=\"twitter-hashtag dir-ltr\" dir=\"ltr\"\u003e#PenyuluhanDBD\u003c/a\u003e untuk lingkungan FIB yang bersih, sehat, dan bebas dr wabah \u003cspan class=\"twitter-hit-highlight\"\u003eDBD\u003c/span\u003e\n\u003c/div\u003e"}
{"_id":{"$oid":"57b1e93e7fea4b73228bffbd"},"username":"sasfiasapy","index":784,"data_id":"/sasfiasapy/status/590689798156906497?p=v","url":"590689798156906497","time_tweet":"21 Apr 15","text_tweet":"\"@puskomdepkes: Tanggal 22 April ini diperingati #HariDemamBerdarah, sesaat lagi simak TL kami mengenai DBD\"","original_tweet":"\u003cdiv class=\"dir-ltr\" dir=\"ltr\"\u003e  \"\u003ca href=\"/puskomdepkes\" class=\"twitter-atreply dir-ltr\" dir=\"ltr\" data-mentioned-user-id=\"3138648355\" data-screenname=\"puskomdepkes\"\u003e@puskomdepkes\u003c/a\u003e: Tanggal 22 April ini diperingati \u003ca href=\"/hashtag/HariDemamBerdarah?src=hash\" data-query-source=\"hashtag_click\" class=\"twitter-hashtag dir-ltr\" dir=\"ltr\"\u003e#HariDemamBerdarah\u003c/a\u003e, sesaat lagi simak TL kami mengenai \u003cspan class=\"twitter-hit-highlight\"\u003eDBD\u003c/span\u003e\"\n\u003c/div\u003e"}
{"_id":{"$oid":"57b1e93e7fea4b73228bffbe"},"username":"KemenkesRI","index":785,"data_id":"/KemenkesRI/status/590689737188376576?p=v","url":"590689737188376576","time_tweet":"21 Apr 15","text_tweet":"7/9. Fasenya terdiri dari 3. Fase pertama panas tinggi selama 1-3 hari, kemudian turun drastis 4-5 hari #DBD","original_tweet":"\u003cdiv class=\"dir-ltr\" dir=\"ltr\"\u003e  7/9. Fasenya terdiri dari 3. Fase pertama panas tinggi selama 1-3 hari, kemudian turun drastis 4-5 hari \u003ca href=\"/hashtag/DBD?src=hash\" data-query-source=\"hashtag_click\" class=\"twitter-hashtag dir-ltr\" dir=\"ltr\"\u003e#\u003cspan class=\"twitter-hit-highlight\"\u003eDBD\u003c/span\u003e\u003c/a\u003e\n\u003c/div\u003e"}
{"_id":{"$oid":"57b1e93e7fea4b73228bffbf"},"username":"ioichungha","index":786,"data_id":"/ioichungha/status/590689369079578626?p=v","url":"590689369079578626","time_tweet":"21 Apr 15","text_tweet":"dbd w lama\" digigitin nyamuk terus gini vvah","original_tweet":"\u003cdiv class=\"dir-ltr\" dir=\"ltr\"\u003e  \u003cspan class=\"twitter-hit-highlight\"\u003edbd\u003c/span\u003e w lama\" digigitin nyamuk terus gini vvah\n\u003c/div\u003e"}
{"_id":{"$oid":"57b1e93e7fea4b73228bffc0"},"username":"BEMFIBUI","index":787,"data_id":"/BEMFIBUI/status/590688582962171905?p=v","url":"590688582962171905","time_tweet":"21 Apr 15","text_tweet":"#Penyuluhan DBD akan dilkasanakan hari ini di auditorium gedung 1 pukul 09.00-10.30","original_tweet":"\u003cdiv class=\"dir-ltr\" dir=\"ltr\"\u003e  \u003ca href=\"/hashtag/Penyuluhan?src=hash\" data-query-source=\"hashtag_click\" class=\"twitter-hashtag dir-ltr\" dir=\"ltr\"\u003e#Penyuluhan\u003c/a\u003e \u003cspan class=\"twitter-hit-highlight\"\u003eDBD\u003c/span\u003e akan dilkasanakan hari ini di auditorium gedung 1 pukul 09.00-10.30\n\u003c/div\u003e"}
{"_id":{"$oid":"57b1e93e7fea4b73228bffc1"},"username":"richardgunturB","index":788,"data_id":"/richardgunturB/status/590688094833266688?p=v","url":"590688094833266688","time_tweet":"21 Apr 15","text_tweet":"Virus dengue adalah salah satu penyebab munculnya gejala demam berdarahâ€¦ (at Fakultas Kedokteran (FK)) [pic] â€” path.com/p/3hgq7F","original_tweet":"\u003cdiv class=\"dir-ltr\" dir=\"ltr\"\u003e  Virus dengue adalah salah satu penyebab munculnya gejala \u003cspan class=\"twitter-hit-highlight\"\u003edemam berdarah\u003c/span\u003eâ€¦ (at Fakultas Kedokteran (FK)) [pic] â€” \u003ca href=\"https://t.co/vDGDVwZiNZ\" rel=\"nofollow\" dir=\"ltr\" data-expanded-url=\"https://path.com/p/3hgq7F\" data-url=\"https://path.com/p/3hgq7F\" class=\"twitter_external_link dir-ltr tco-link\" target=\"_blank\" title=\"https://path.com/p/3hgq7F\"\u003epath.com/p/3hgq7F\u003c/a\u003e\n\u003c/div\u003e"}
{"_id":{"$oid":"57b1e93e7fea4b73228bffc2"},"username":"wawansyaifullah","index":789,"data_id":"/wawansyaifullah/status/590686839331250176?p=v","url":"590686839331250176","time_tweet":"21 Apr 15","text_tweet":"Assalamualaikum wr, wb.Setelah adik Athar sakit infeksi paru, menyusul pak Joko sakit DB dan Hepatitis,â€¦ [pic] â€” path.com/p/UxmTM","original_tweet":"\u003cdiv class=\"dir-ltr\" dir=\"ltr\"\u003e  Assalamualaikum wr, wb.\n\nSetelah adik Athar sakit infeksi paru, menyusul pak Joko \u003cspan class=\"twitter-hit-highlight\"\u003esakit DB\u003c/span\u003e dan Hepatitis,â€¦ [pic] â€” \u003ca href=\"https://t.co/ckPSeU13eV\" rel=\"nofollow\" dir=\"ltr\" data-expanded-url=\"https://path.com/p/UxmTM\" data-url=\"https://path.com/p/UxmTM\" class=\"twitter_external_link dir-ltr tco-link\" target=\"_blank\" title=\"https://path.com/p/UxmTM\"\u003epath.com/p/UxmTM\u003c/a\u003e\n\u003c/div\u003e"}
{"_id":{"$oid":"57b1e93e7fea4b73228bffc3"},"username":"hmkmunud","index":790,"data_id":"/hmkmunud/status/590686256062984192?p=v","url":"590686256062984192","time_tweet":"21 Apr 15","text_tweet":"Memperingati Hari Demam Berdarah 2015 wp.me/pOLXq-Fd","original_tweet":"\u003cdiv class=\"dir-ltr\" dir=\"ltr\"\u003e  Memperingati Hari \u003cspan class=\"twitter-hit-highlight\"\u003eDemam Berdarah\u003c/span\u003e 2015 \u003ca href=\"http://t.co/BJPpIvq1ln\" rel=\"nofollow\" dir=\"ltr\" data-expanded-url=\"http://wp.me/pOLXq-Fd\" data-url=\"http://wp.me/pOLXq-Fd\" class=\"twitter_external_link dir-ltr tco-link\" target=\"_blank\" title=\"http://wp.me/pOLXq-Fd\"\u003ewp.me/pOLXq-Fd\u003c/a\u003e\n\u003c/div\u003e"}
{"_id":{"$oid":"57b1e93e7fea4b73228bffc4"},"username":"BEMFK_UKDW","index":791,"data_id":"/BEMFK_UKDW/status/590684009098825728?p=v","url":"590684009098825728","time_tweet":"21 Apr 15","text_tweet":"Ayo Cegah Demam Berdarah dengan 3M! pic.twitter.com/sgbz4ICp3p","original_tweet":"\u003cdiv class=\"dir-ltr\" dir=\"ltr\"\u003e  Ayo Cegah \u003cspan class=\"twitter-hit-highlight\"\u003eDemam Berdarah\u003c/span\u003e dengan 3M! \u003ca href=\"http://t.co/sgbz4ICp3p\" data-pre-embedded=\"true\" rel=\"nofollow\" data-entity-id=\"590683990253797377\" dir=\"ltr\" data-url=\"http://twitter.com/BEMFK_UKDW/status/590684009098825728/photo/1\" data-tco-id=\"sgbz4ICp3p\" class=\"twitter_external_link dir-ltr tco-link has-expanded-path\" target=\"_top\" data-expanded-path=\"/BEMFK_UKDW/status/590684009098825728/photo/1\"\u003epic.twitter.com/sgbz4ICp3p\u003c/a\u003e\n\u003c/div\u003e"}
{"_id":{"$oid":"57b1e93e7fea4b73228bffc5"},"username":"BEMFIBUI","index":792,"data_id":"/BEMFIBUI/status/590683312680742913?p=v","url":"590683312680742913","time_tweet":"21 Apr 15","text_tweet":"FKMUI mengundang teman2 utk menghadiri \"Penyuluhan DBD\" #PenyuluhanDBD","original_tweet":"\u003cdiv class=\"dir-ltr\" dir=\"ltr\"\u003e  FKMUI mengundang teman2 utk menghadiri \"Penyuluhan \u003cspan class=\"twitter-hit-highlight\"\u003eDBD\u003c/span\u003e\" \u003ca href=\"/hashtag/PenyuluhanDBD?src=hash\" data-query-source=\"hashtag_click\" class=\"twitter-hashtag dir-ltr\" dir=\"ltr\"\u003e#PenyuluhanDBD\u003c/a\u003e\n\u003c/div\u003e"}
{"_id":{"$oid":"57b1e93e7fea4b73228bffc6"},"username":"HIMAPSPD","index":793,"data_id":"/HIMAPSPD/status/590683021172441088?p=v","url":"590683021172441088","time_tweet":"21 Apr 15","text_tweet":"Selamat Hari Demam Berdarah! Yuk cegah demam berdarah dengan 3 M plus! pic.twitter.com/Ohpro9pzEi","original_tweet":"\u003cdiv class=\"dir-ltr\" dir=\"ltr\"\u003e  Selamat Hari \u003cspan class=\"twitter-hit-highlight\"\u003eDemam Berdarah\u003c/span\u003e! Yuk cegah \u003cspan class=\"twitter-hit-highlight\"\u003edemam berdarah\u003c/span\u003e dengan 3 M plus! \u003ca href=\"http://t.co/Ohpro9pzEi\" data-pre-embedded=\"true\" rel=\"nofollow\" data-entity-id=\"590682995339747330\" dir=\"ltr\" data-url=\"http://twitter.com/HIMAPSPD/status/590683021172441088/photo/1\" data-tco-id=\"Ohpro9pzEi\" class=\"twitter_external_link dir-ltr tco-link has-expanded-path\" target=\"_top\" data-expanded-path=\"/HIMAPSPD/status/590683021172441088/photo/1\"\u003epic.twitter.com/Ohpro9pzEi\u003c/a\u003e\n\u003c/div\u003e"}
{"_id":{"$oid":"57b1e93e7fea4b73228bffc7"},"username":"gioleonard4","index":794,"data_id":"/gioleonard4/status/590679432144285697?p=v","url":"590679432144285697","time_tweet":"21 Apr 15","text_tweet":"@rdi971#DBD ketika berbohong @didin_bagito@dailoplop","original_tweet":"\u003cdiv class=\"dir-ltr\" dir=\"ltr\"\u003e  \u003ca href=\"/rdi971\" class=\"twitter-atreply dir-ltr\" dir=\"ltr\" data-mentioned-user-id=\"381979676\" data-screenname=\"rdi971\"\u003e@rdi971\u003c/a\u003e#\u003cspan class=\"twitter-hit-highlight\"\u003eDBD\u003c/span\u003e ketika berbohong @didin_bagito@dailoplop\n\u003c/div\u003e"}
{"_id":{"$oid":"57b1e93e7fea4b73228bffc8"},"username":"jubelmalang","index":795,"data_id":"/jubelmalang/status/590674638780268544?p=v","url":"590674638780268544","time_tweet":"21 Apr 15","text_tweet":"15 warga RW 9 Kelurahan Pandanwangi, Blimbing, Kota Malang, terkena DBD, 1 diantaranya meninggal duniabit.ly/1D8obMy","original_tweet":"\u003cdiv class=\"dir-ltr\" dir=\"ltr\"\u003e  15 warga RW 9 Kelurahan Pandanwangi, Blimbing, Kota Malang, terkena \u003cspan class=\"twitter-hit-highlight\"\u003eDBD\u003c/span\u003e, 1 diantaranya meninggal dunia\n\n\u003ca href=\"http://t.co/AocuZ2y289\" rel=\"nofollow\" dir=\"ltr\" data-expanded-url=\"http://bit.ly/1D8obMy\" data-url=\"http://bit.ly/1D8obMy\" class=\"twitter_external_link dir-ltr tco-link\" target=\"_blank\" title=\"http://bit.ly/1D8obMy\"\u003ebit.ly/1D8obMy\u003c/a\u003e\n\u003c/div\u003e"}
{"_id":{"$oid":"57b1e93e7fea4b73228bffc9"},"username":"RayaMalang","index":796,"data_id":"/RayaMalang/status/590669798897508352?p=v","url":"590669798897508352","time_tweet":"21 Apr 15","text_tweet":"DBD Serang Warga Kota Malang, Dinkes Malah Nolak Fogging beritalima.com/2015/04/22/dbdâ€¦","original_tweet":"\u003cdiv class=\"dir-ltr\" dir=\"ltr\"\u003e  \u003cspan class=\"twitter-hit-highlight\"\u003eDBD\u003c/span\u003e Serang Warga Kota Malang, Dinkes Malah Nolak Fogging \u003ca href=\"http://t.co/jY7Qouyiah\" rel=\"nofollow\" dir=\"ltr\" data-expanded-url=\"http://www.beritalima.com/2015/04/22/dbd-serang-warga-kota-malang-dinkes-malah-nolak-fogging/\" data-url=\"http://www.beritalima.com/2015/04/22/dbd-serang-warga-kota-malang-dinkes-malah-nolak-fogging/\" class=\"twitter_external_link dir-ltr tco-link\" target=\"_blank\" title=\"http://www.beritalima.com/2015/04/22/dbd-serang-warga-kota-malang-dinkes-malah-nolak-fogging/\"\u003eberitalima.com/2015/04/22/dbdâ€¦\u003c/a\u003e\n\u003c/div\u003e"}
{"_id":{"$oid":"57b1e9447fea4b73228bffca"},"username":"dineke_DBD","index":797,"data_id":"/dineke_DBD/status/590667564839260160?p=v","url":"590667564839260160","time_tweet":"21 Apr 15","text_tweet":"Selamat pagi do","original_tweet":"\u003cdiv class=\"dir-ltr\" dir=\"ltr\"\u003e  Selamat pagi do\n\u003c/div\u003e"}
{"_id":{"$oid":"57b1e9447fea4b73228bffcb"},"username":"EdyMitharockerz","index":798,"data_id":"/EdyMitharockerz/status/590666722690134017?p=v","url":"590666722690134017","time_tweet":"21 Apr 15","text_tweet":"@rdi971 Pagi sahabat RDI, juga om @Didin_Bagito juga pagi buat @dailoplop semangt on air nya ;) Semoga hari ini membawa keberkahan :D #DBD","original_tweet":"\u003cdiv class=\"dir-ltr\" dir=\"ltr\"\u003e  \u003ca href=\"/rdi971\" class=\"twitter-atreply dir-ltr\" dir=\"ltr\" data-mentioned-user-id=\"381979676\" data-screenname=\"rdi971\"\u003e@rdi971\u003c/a\u003e Pagi sahabat RDI, juga om \u003ca href=\"/Didin_Bagito\" class=\"twitter-atreply dir-ltr\" dir=\"ltr\" data-mentioned-user-id=\"151890383\" data-screenname=\"Didin_Bagito\"\u003e@Didin_Bagito\u003c/a\u003e juga pagi buat \u003ca href=\"/dailoplop\" class=\"twitter-atreply dir-ltr\" dir=\"ltr\" data-mentioned-user-id=\"378541095\" data-screenname=\"dailoplop\"\u003e@dailoplop\u003c/a\u003e semangt on air nya ;) Semoga hari ini membawa keberkahan :D \u003ca href=\"/hashtag/DBD?src=hash\" data-query-source=\"hashtag_click\" class=\"twitter-hashtag dir-ltr\" dir=\"ltr\"\u003e#\u003cspan class=\"twitter-hit-highlight\"\u003eDBD\u003c/span\u003e\u003c/a\u003e\n\u003c/div\u003e"}
{"_id":{"$oid":"57b1e9447fea4b73228bffcc"},"username":"tia_meimei","index":799,"data_id":"/tia_meimei/status/590665910584791040?p=v","url":"590665910584791040","time_tweet":"21 Apr 15","text_tweet":"@rdi971 tia #DBD klo yg bikin aku ngambek mah klo pcar ngambek sama aku ya aku ngambek balik sma dia.biar tau rsa masa cwo doyan ngambek.","original_tweet":"\u003cdiv class=\"dir-ltr\" dir=\"ltr\"\u003e  \u003ca href=\"/rdi971\" class=\"twitter-atreply dir-ltr\" dir=\"ltr\" data-mentioned-user-id=\"381979676\" data-screenname=\"rdi971\"\u003e@rdi971\u003c/a\u003e tia \u003ca href=\"/hashtag/DBD?src=hash\" data-query-source=\"hashtag_click\" class=\"twitter-hashtag dir-ltr\" dir=\"ltr\"\u003e#\u003cspan class=\"twitter-hit-highlight\"\u003eDBD\u003c/span\u003e\u003c/a\u003e klo yg bikin aku ngambek mah klo pcar ngambek sama aku ya aku ngambek balik sma dia.\nbiar tau rsa masa cwo doyan ngambek.\n\u003c/div\u003e"}
{"_id":{"$oid":"57b1e9447fea4b73228bffcd"},"username":"InfoBalikpapan","index":800,"data_id":"/InfoBalikpapan/status/590664934536667136?p=v","url":"590664934536667136","time_tweet":"21 Apr 15","text_tweet":"#suarabpn \"@Pujohari: kantor sy @BDKBalikpapan ga minta, malah didatangi 2x utk fogging DBD* dan gratisss kok...\"","original_tweet":"\u003cdiv class=\"dir-ltr\" dir=\"ltr\"\u003e  \u003ca href=\"/hashtag/suarabpn?src=hash\" data-query-source=\"hashtag_click\" class=\"twitter-hashtag dir-ltr\" dir=\"ltr\"\u003e#suarabpn\u003c/a\u003e \"\u003ca href=\"/Pujohari\" class=\"twitter-atreply dir-ltr\" dir=\"ltr\" data-mentioned-user-id=\"357301908\" data-screenname=\"Pujohari\"\u003e@Pujohari\u003c/a\u003e: kantor sy \u003ca href=\"/BDKBalikpapan\" class=\"twitter-atreply dir-ltr\" dir=\"ltr\" data-mentioned-user-id=\"2199570314\" data-screenname=\"BDKBalikpapan\"\u003e@BDKBalikpapan\u003c/a\u003e ga minta, malah didatangi 2x utk fogging \u003cspan class=\"twitter-hit-highlight\"\u003eDBD\u003c/span\u003e* dan gratisss kok...\"\n\u003c/div\u003e"}
{"_id":{"$oid":"57b1e9447fea4b73228bffce"},"username":"jawapos","index":801,"data_id":"/jawapos/status/590663121322246144?p=v","url":"590663121322246144","time_tweet":"21 Apr 15","text_tweet":"RADAR MALANG (22/4): Gawat, Pasien DBD Tembus Ribuan #frontpages pic.twitter.com/x4NTesZHhj","original_tweet":"\u003cdiv class=\"dir-ltr\" dir=\"ltr\"\u003e  RADAR MALANG (22/4): Gawat, Pasien \u003cspan class=\"twitter-hit-highlight\"\u003eDBD\u003c/span\u003e Tembus Ribuan \u003ca href=\"/hashtag/frontpages?src=hash\" data-query-source=\"hashtag_click\" class=\"twitter-hashtag dir-ltr\" dir=\"ltr\"\u003e#frontpages\u003c/a\u003e \u003ca href=\"http://t.co/x4NTesZHhj\" data-pre-embedded=\"true\" rel=\"nofollow\" data-entity-id=\"590663119560699905\" dir=\"ltr\" data-url=\"http://twitter.com/jawapos/status/590663121322246144/photo/1\" data-tco-id=\"x4NTesZHhj\" class=\"twitter_external_link dir-ltr tco-link has-expanded-path\" target=\"_top\" data-expanded-path=\"/jawapos/status/590663121322246144/photo/1\"\u003epic.twitter.com/x4NTesZHhj\u003c/a\u003e\n\u003c/div\u003e"}
{"_id":{"$oid":"57b1e9447fea4b73228bffcf"},"username":"AdeRitaP","index":802,"data_id":"/AdeRitaP/status/590660825540624384?p=v","url":"590660825540624384","time_tweet":"21 Apr 15","text_tweet":"Assalamualaikum wr, wb.Setelah adik Athar sakit infeksi paru, menyusul pak Joko sakit DBâ€¦ (w/ anna Mel_) [pic] â€” path.com/p/3QTZbc","original_tweet":"\u003cdiv class=\"dir-ltr\" dir=\"ltr\"\u003e  Assalamualaikum wr, wb.\n\nSetelah adik Athar sakit infeksi paru, menyusul pak Joko \u003cspan class=\"twitter-hit-highlight\"\u003esakit DB\u003c/span\u003eâ€¦ (w/ anna Mel_) [pic] â€” \u003ca href=\"https://t.co/KMzcA8L7v9\" rel=\"nofollow\" dir=\"ltr\" data-expanded-url=\"https://path.com/p/3QTZbc\" data-url=\"https://path.com/p/3QTZbc\" class=\"twitter_external_link dir-ltr tco-link\" target=\"_blank\" title=\"https://path.com/p/3QTZbc\"\u003epath.com/p/3QTZbc\u003c/a\u003e\n\u003c/div\u003e"}
{"_id":{"$oid":"57b1e9447fea4b73228bffd0"},"username":"StandUpIndo_WTP","index":803,"data_id":"/StandUpIndo_WTP/status/590660175834517504?p=v","url":"590660175834517504","time_tweet":"21 Apr 15","text_tweet":"erhindar dari demam berdarah, Seorang ABG kini terserang demam korea","original_tweet":"\u003cdiv class=\"dir-ltr\" dir=\"ltr\"\u003e  erhindar dari \u003cspan class=\"twitter-hit-highlight\"\u003edemam berdarah\u003c/span\u003e, Seorang ABG kini terserang demam korea\n\u003c/div\u003e"}
{"_id":{"$oid":"57b1e9447fea4b73228bffd1"},"username":"beritalimacom","index":804,"data_id":"/beritalimacom/status/590659026721120257?p=v","url":"590659026721120257","time_tweet":"21 Apr 15","text_tweet":"DBD Serang Warga Kota Malang, Dinkes Malah NolakÂ Fogging wp.me/p638kK-1dh","original_tweet":"\u003cdiv class=\"dir-ltr\" dir=\"ltr\"\u003e  \u003cspan class=\"twitter-hit-highlight\"\u003eDBD\u003c/span\u003e Serang Warga Kota Malang, Dinkes Malah NolakÂ Fogging \u003ca href=\"http://t.co/Bs5BStBnam\" rel=\"nofollow\" dir=\"ltr\" data-expanded-url=\"http://wp.me/p638kK-1dh\" data-url=\"http://wp.me/p638kK-1dh\" class=\"twitter_external_link dir-ltr tco-link\" target=\"_blank\" title=\"http://wp.me/p638kK-1dh\"\u003ewp.me/p638kK-1dh\u003c/a\u003e\n\u003c/div\u003e"}
{"_id":{"$oid":"57b1e9447fea4b73228bffd2"},"username":"ikamabi","index":805,"data_id":"/ikamabi/status/590651641734569985?p=v","url":"590651641734569985","time_tweet":"21 Apr 15","text_tweet":"WASPADA DEMAM BERDARAH!!! pic.twitter.com/fD60GnMwnA","original_tweet":"\u003cdiv class=\"dir-ltr\" dir=\"ltr\"\u003e  WASPADA \u003cspan class=\"twitter-hit-highlight\"\u003eDEMAM BERDARAH\u003c/span\u003e!!! \u003ca href=\"http://t.co/fD60GnMwnA\" data-pre-embedded=\"true\" rel=\"nofollow\" data-entity-id=\"590651625376722944\" dir=\"ltr\" data-url=\"http://twitter.com/ikamabi/status/590651641734569985/photo/1\" data-tco-id=\"fD60GnMwnA\" class=\"twitter_external_link dir-ltr tco-link has-expanded-path\" target=\"_top\" data-expanded-path=\"/ikamabi/status/590651641734569985/photo/1\"\u003epic.twitter.com/fD60GnMwnA\u003c/a\u003e\n\u003c/div\u003e"}
{"_id":{"$oid":"57b1e9447fea4b73228bffd3"},"username":"anniisa_novi","index":806,"data_id":"/anniisa_novi/status/590651466727174144?p=v","url":"590651466727174144","time_tweet":"21 Apr 15","text_tweet":"Asm urat,Alergi mkanan/cuaca,Amandel,Asma,Ambeien,Bau badan,Batu ginjal,TBC,Bronchitis, Demam berdarah,Darah tinggi, Diare, Eksim,Glaucoma,","original_tweet":"\u003cdiv class=\"dir-ltr\" dir=\"ltr\"\u003e  Asm urat,Alergi mkanan/cuaca,Amandel,Asma,Ambeien,Bau badan,Batu ginjal,TBC,Bronchitis, \u003cspan class=\"twitter-hit-highlight\"\u003eDemam berdarah\u003c/span\u003e,Darah tinggi, Diare, Eksim,Glaucoma,\n\u003c/div\u003e"}
{"_id":{"$oid":"57b1e9447fea4b73228bffd4"},"username":"DPRDKaltim","index":807,"data_id":"/DPRDKaltim/status/590624779360677888?p=v","url":"590624779360677888","time_tweet":"21 Apr 15","text_tweet":"Kaltim Waspada Endemis DBD: â€œWarga Samarinda harus tetap waspada seiring pergantian musim dari hujan k... bit.ly/1DzLtLQ #kaltim","original_tweet":"\u003cdiv class=\"dir-ltr\" dir=\"ltr\"\u003e  Kaltim Waspada Endemis \u003cspan class=\"twitter-hit-highlight\"\u003eDBD\u003c/span\u003e: â€œWarga Samarinda harus tetap waspada seiring pergantian musim dari hujan k... \u003ca href=\"http://t.co/j8UFTySNnY\" rel=\"nofollow\" dir=\"ltr\" data-expanded-url=\"http://bit.ly/1DzLtLQ\" data-url=\"http://bit.ly/1DzLtLQ\" class=\"twitter_external_link dir-ltr tco-link\" target=\"_blank\" title=\"http://bit.ly/1DzLtLQ\"\u003ebit.ly/1DzLtLQ\u003c/a\u003e \u003ca href=\"/hashtag/kaltim?src=hash\" data-query-source=\"hashtag_click\" class=\"twitter-hashtag dir-ltr\" dir=\"ltr\"\u003e#kaltim\u003c/a\u003e\n\u003c/div\u003e"}
{"_id":{"$oid":"57b1e9447fea4b73228bffd5"},"username":"dandy_dwi1","index":808,"data_id":"/dandy_dwi1/status/590609187576614913?p=v","url":"590609187576614913","time_tweet":"21 Apr 15","text_tweet":"Jambu biji, pepaya, jeruk, atau mangga yang kaya cairan baik dikonsumsi untuk membantu pemulihan saat demam berdarah.","original_tweet":"\u003cdiv class=\"dir-ltr\" dir=\"ltr\"\u003e  Jambu biji, pepaya, jeruk, atau mangga yang kaya cairan baik dikonsumsi untuk membantu pemulihan saat \u003cspan class=\"twitter-hit-highlight\"\u003edemam berdarah\u003c/span\u003e.\n\u003c/div\u003e"}
{"_id":{"$oid":"57b1e9447fea4b73228bffd6"},"username":"pemutihtiens","index":809,"data_id":"/pemutihtiens/status/590603371628879872?p=v","url":"590603371628879872","time_tweet":"21 Apr 15","text_tweet":"Biasanya DBD diawali dengan suhu tubuh tinggi 39-40 celcius, nyeri kepala, mual dan kadang disertai bintik merah.","original_tweet":"\u003cdiv class=\"dir-ltr\" dir=\"ltr\"\u003e  Biasanya \u003cspan class=\"twitter-hit-highlight\"\u003eDBD\u003c/span\u003e diawali dengan suhu tubuh tinggi 39-40 celcius, nyeri kepala, mual dan kadang disertai bintik merah.\n\u003c/div\u003e"}
{"_id":{"$oid":"57b1e9447fea4b73228bffd7"},"username":"ikhsanyoga","index":810,"data_id":"/ikhsanyoga/status/590600593779089410?p=v","url":"590600593779089410","time_tweet":"21 Apr 15","text_tweet":"Duhh munchen ngamuk. ngamuk demam berdarah waaa \"@detiksport: Bayern Tutup Babak I dengan Keunggulan 5-0 atas Porto tinyurl.com/mj7v9ou\"","original_tweet":"\u003cdiv class=\"dir-ltr\" dir=\"ltr\"\u003e  Duhh munchen ngamuk. ngamuk \u003cspan class=\"twitter-hit-highlight\"\u003edemam berdarah\u003c/span\u003e waaa \"\u003ca href=\"/detiksport\" class=\"twitter-atreply dir-ltr\" dir=\"ltr\" data-mentioned-user-id=\"135783107\" data-screenname=\"detiksport\"\u003e@detiksport\u003c/a\u003e: Bayern Tutup Babak I dengan Keunggulan 5-0 atas Porto \u003ca href=\"http://t.co/UZaMRWo93X\" rel=\"nofollow\" dir=\"ltr\" data-expanded-url=\"http://tinyurl.com/mj7v9ou\" data-url=\"http://tinyurl.com/mj7v9ou\" class=\"twitter_external_link dir-ltr tco-link\" target=\"_blank\" title=\"http://tinyurl.com/mj7v9ou\"\u003etinyurl.com/mj7v9ou\u003c/a\u003e\"\n\u003c/div\u003e"}
{"_id":{"$oid":"57b1e9447fea4b73228bffd8"},"username":"jebidal","index":811,"data_id":"/jebidal/status/590588560207675392?p=v","url":"590588560207675392","time_tweet":"21 Apr 15","text_tweet":"jebidal.com: SKRIPSI HUBUNGAN FAKTOR IKLIM DAN ANGKA INSIDEN DEMAM BERDARAH DENGUE is.gd/2S6wj4 #Contoh","original_tweet":"\u003cdiv class=\"dir-ltr\" dir=\"ltr\"\u003e  \u003ca href=\"http://t.co/2Udw7VbdNw\" rel=\"nofollow\" dir=\"ltr\" data-expanded-url=\"http://jebidal.com\" data-url=\"http://jebidal.com\" class=\"twitter_external_link dir-ltr tco-link\" target=\"_blank\" title=\"http://jebidal.com\"\u003ejebidal.com\u003c/a\u003e: SKRIPSI HUBUNGAN FAKTOR IKLIM DAN ANGKA INSIDEN \u003cspan class=\"twitter-hit-highlight\"\u003eDEMAM BERDARAH\u003c/span\u003e DENGUE \u003ca href=\"http://t.co/Z0omGtPsU6\" rel=\"nofollow\" dir=\"ltr\" data-expanded-url=\"http://is.gd/2S6wj4\" data-url=\"http://is.gd/2S6wj4\" class=\"twitter_external_link dir-ltr tco-link\" target=\"_blank\" title=\"http://is.gd/2S6wj4\"\u003eis.gd/2S6wj4\u003c/a\u003e \u003ca href=\"/hashtag/Contoh?src=hash\" data-query-source=\"hashtag_click\" class=\"twitter-hashtag dir-ltr\" dir=\"ltr\"\u003e#Contoh\u003c/a\u003e\n\u003c/div\u003e"}
{"_id":{"$oid":"57b1e9447fea4b73228bffd9"},"username":"balikpapanpos","index":812,"data_id":"/balikpapanpos/status/590560586838241280?p=v","url":"590560586838241280","time_tweet":"21 Apr 15","text_tweet":"Di Kenakan Biaya 500 RibuPengurusan BPJSBalita Terserang DBD Meninggal DuniaBALIKPAPAN â€“ Duka nestapa sangat... fb.me/20f0xX9ky","original_tweet":"\u003cdiv class=\"dir-ltr\" dir=\"ltr\"\u003e  Di Kenakan Biaya 500 Ribu  Pengurusan BPJS\nBalita Terserang \u003cspan class=\"twitter-hit-highlight\"\u003eDBD\u003c/span\u003e Meninggal Dunia\n\nBALIKPAPAN â€“ Duka nestapa sangat... \u003ca href=\"http://t.co/AaY5cmph2t\" rel=\"nofollow\" dir=\"ltr\" data-expanded-url=\"http://fb.me/20f0xX9ky\" data-url=\"http://fb.me/20f0xX9ky\" class=\"twitter_external_link dir-ltr tco-link\" target=\"_blank\" title=\"http://fb.me/20f0xX9ky\"\u003efb.me/20f0xX9ky\u003c/a\u003e\n\u003c/div\u003e"}
{"_id":{"$oid":"57b1e9447fea4b73228bffda"},"username":"rahayuiln","index":813,"data_id":"/rahayuiln/status/590557247094267905?p=v","url":"590557247094267905","time_tweet":"21 Apr 15","text_tweet":"tifus, Usus buntu, DBD, amandel,de el el...\"@askfm_indo: #askfm Penyakit yg pernahlo alami apa ?\"","original_tweet":"\u003cdiv class=\"dir-ltr\" dir=\"ltr\"\u003e  tifus, Usus buntu, \u003cspan class=\"twitter-hit-highlight\"\u003eDBD\u003c/span\u003e, amandel,de el el...\"\u003ca href=\"/askfm_Indo\" class=\"twitter-atreply dir-ltr\" dir=\"ltr\" data-mentioned-user-id=\"241817728\" data-screenname=\"askfm_Indo\"\u003e@askfm_indo\u003c/a\u003e: \u003ca href=\"/hashtag/askfm?src=hash\" data-query-source=\"hashtag_click\" class=\"twitter-hashtag dir-ltr\" dir=\"ltr\"\u003e#askfm\u003c/a\u003e Penyakit yg pernah\nlo alami apa ?\"\n\u003c/div\u003e"}
{"_id":{"$oid":"57b1e9447fea4b73228bffdb"},"username":"beritautara","index":814,"data_id":"/beritautara/status/590550317739159552?p=v","url":"590550317739159552","time_tweet":"21 Apr 15","text_tweet":"Balita tewas diserang nyamuk dbd beritautara.com/balita-tewas-dâ€¦ @TriDjoko_SM @basuki_btp @JupanROYTER @Robin0ng @beritapulau @ConcernedHobbit","original_tweet":"\u003cdiv class=\"dir-ltr\" dir=\"ltr\"\u003e  Balita tewas diserang nyamuk \u003cspan class=\"twitter-hit-highlight\"\u003edbd\u003c/span\u003e \u003ca href=\"http://t.co/ccSUf43sAn\" rel=\"nofollow\" dir=\"ltr\" data-expanded-url=\"http://beritautara.com/balita-tewas-diserang-nyamuk-dbd/@kominfomasJU\" data-url=\"http://beritautara.com/balita-tewas-diserang-nyamuk-dbd/@kominfomasJU\" class=\"twitter_external_link dir-ltr tco-link\" target=\"_blank\" title=\"http://beritautara.com/balita-tewas-diserang-nyamuk-dbd/@kominfomasJU\"\u003eberitautara.com/balita-tewas-dâ€¦\u003c/a\u003e \u003ca href=\"/TriDjoko_SM\" class=\"twitter-atreply dir-ltr\" dir=\"ltr\" data-mentioned-user-id=\"2724327306\" data-screenname=\"TriDjoko_SM\"\u003e@TriDjoko_SM\u003c/a\u003e \u003ca href=\"/basuki_btp\" class=\"twitter-atreply dir-ltr\" dir=\"ltr\" data-mentioned-user-id=\"115286138\" data-screenname=\"basuki_btp\"\u003e@basuki_btp\u003c/a\u003e \u003ca href=\"/JupanROYTER\" class=\"twitter-atreply dir-ltr\" dir=\"ltr\" data-mentioned-user-id=\"2993223217\" data-screenname=\"JupanROYTER\"\u003e@JupanROYTER\u003c/a\u003e \u003ca href=\"/Robin0ng\" class=\"twitter-atreply dir-ltr\" dir=\"ltr\" data-mentioned-user-id=\"386818657\" data-screenname=\"Robin0ng\"\u003e@Robin0ng\u003c/a\u003e \u003ca href=\"/beritapulau\" class=\"twitter-atreply dir-ltr\" dir=\"ltr\" data-mentioned-user-id=\"210424728\" data-screenname=\"beritapulau\"\u003e@beritapulau\u003c/a\u003e \u003ca href=\"/concernedhobbit\" class=\"twitter-atreply dir-ltr\" dir=\"ltr\" data-mentioned-user-id=\"138843337\" data-screenname=\"concernedhobbit\"\u003e@ConcernedHobbit\u003c/a\u003e\n\u003c/div\u003e"}
{"_id":{"$oid":"57b1e94c7fea4b73228bffdc"},"username":"SadamKibo","index":815,"data_id":"/SadamKibo/status/590538329831124992?p=v","url":"590538329831124992","time_tweet":"21 Apr 15","text_tweet":"@pasukanmati_ cie yang ulang tahun DBD ya mbak ias,keep metal and sanguanðŸ˜ðŸ˜„","original_tweet":"\u003cdiv class=\"dir-ltr\" dir=\"ltr\"\u003e  @pasukanmati_ cie yang ulang tahun \u003cspan class=\"twitter-hit-highlight\"\u003eDBD\u003c/span\u003e ya mbak ias,keep metal and sanguanðŸ˜ðŸ˜„\n\u003c/div\u003e"}
{"_id":{"$oid":"57b1e94c7fea4b73228bffdd"},"username":"pamlite","index":816,"data_id":"/pamlite/status/590536568525447168?p=v","url":"590536568525447168","time_tweet":"21 Apr 15","text_tweet":"@piggyliza @jibrilmercado NAKO FEELING KO SI @parokyaniencar DIN :))) DBD :)))","original_tweet":"\u003cdiv class=\"dir-ltr\" dir=\"ltr\"\u003e  @piggyliza \u003ca href=\"/jibrilmercado\" class=\"twitter-atreply dir-ltr\" dir=\"ltr\" data-mentioned-user-id=\"2739707238\" data-screenname=\"jibrilmercado\"\u003e@jibrilmercado\u003c/a\u003e NAKO FEELING KO SI \u003ca href=\"/parokyaniencar\" class=\"twitter-atreply dir-ltr\" dir=\"ltr\" data-mentioned-user-id=\"323730991\" data-screenname=\"parokyaniencar\"\u003e@parokyaniencar\u003c/a\u003e DIN :))) \u003cspan class=\"twitter-hit-highlight\"\u003eDBD\u003c/span\u003e :)))\n\u003c/div\u003e"}
{"_id":{"$oid":"57b1e94c7fea4b73228bffde"},"username":"beritautara","index":817,"data_id":"/beritautara/status/590529331669008384?p=v","url":"590529331669008384","time_tweet":"21 Apr 15","text_tweet":"Balita Tewas Diserang Nyamuk DBD - Berita Utara.com | Media Komunikasi Warga beritautara.com/balita-tewas-dâ€¦","original_tweet":"\u003cdiv class=\"dir-ltr\" dir=\"ltr\"\u003e  Balita Tewas Diserang Nyamuk \u003cspan class=\"twitter-hit-highlight\"\u003eDBD\u003c/span\u003e - Berita \u003ca href=\"http://t.co/Lq2AOLrpE8\" rel=\"nofollow\" dir=\"ltr\" data-expanded-url=\"http://Utara.com\" data-url=\"http://Utara.com\" class=\"twitter_external_link dir-ltr tco-link\" target=\"_blank\" title=\"http://Utara.com\"\u003eUtara.com\u003c/a\u003e | Media Komunikasi Warga \u003ca href=\"http://t.co/JJfZS55hzi\" rel=\"nofollow\" dir=\"ltr\" data-expanded-url=\"http://beritautara.com/balita-tewas-diserang-nyamuk-dbd/\" data-url=\"http://beritautara.com/balita-tewas-diserang-nyamuk-dbd/\" class=\"twitter_external_link dir-ltr tco-link\" target=\"_blank\" title=\"http://beritautara.com/balita-tewas-diserang-nyamuk-dbd/\"\u003eberitautara.com/balita-tewas-dâ€¦\u003c/a\u003e\n\u003c/div\u003e"}
{"_id":{"$oid":"57b1e94c7fea4b73228bffdf"},"username":"dineke_DBD","index":818,"data_id":"/dineke_DBD/status/590524377428406272?p=v","url":"590524377428406272","time_tweet":"21 Apr 15","text_tweet":"Kangen loh do kangen pake banget :*{}â™¥","original_tweet":"\u003cdiv class=\"dir-ltr\" dir=\"ltr\"\u003e  Kangen loh do kangen pake banget :*{}â™¥\n\u003c/div\u003e"}
{"_id":{"$oid":"57b1e94c7fea4b73228bffe0"},"username":"dineke_DBD","index":819,"data_id":"/dineke_DBD/status/590524219697418240?p=v","url":"590524219697418240","time_tweet":"21 Apr 15","text_tweet":"Perih ini kaki:'(","original_tweet":"\u003cdiv class=\"dir-ltr\" dir=\"ltr\"\u003e  Perih ini kaki:'(\n\u003c/div\u003e"}
{"_id":{"$oid":"57b1e94c7fea4b73228bffe1"},"username":"jubelmalang","index":820,"data_id":"/jubelmalang/status/590523648546471937?p=v","url":"590523648546471937","time_tweet":"21 Apr 15","text_tweet":"15 warga RW 9 Kelurahan Pandanwangi, Blimbing, Kota Malang, terkena DBD, 1 diantaranya meninggal duniabit.ly/1D8obMy","original_tweet":"\u003cdiv class=\"dir-ltr\" dir=\"ltr\"\u003e  15 warga RW 9 Kelurahan Pandanwangi, Blimbing, Kota Malang, terkena \u003cspan class=\"twitter-hit-highlight\"\u003eDBD\u003c/span\u003e, 1 diantaranya meninggal dunia\n\n\u003ca href=\"http://t.co/AocuZ2y289\" rel=\"nofollow\" dir=\"ltr\" data-expanded-url=\"http://bit.ly/1D8obMy\" data-url=\"http://bit.ly/1D8obMy\" class=\"twitter_external_link dir-ltr tco-link\" target=\"_blank\" title=\"http://bit.ly/1D8obMy\"\u003ebit.ly/1D8obMy\u003c/a\u003e\n\u003c/div\u003e"}
{"_id":{"$oid":"57b1e94c7fea4b73228bffe2"},"username":"aniioctaviani","index":821,"data_id":"/aniioctaviani/status/590519284914237442?p=v","url":"590519284914237442","time_tweet":"21 Apr 15","text_tweet":"Sampe dulu pernah kena dbd ayah gupek,nyampe ibu nangis,atin gupek,kak arif ngomel. Haha semua pd gupek","original_tweet":"\u003cdiv class=\"dir-ltr\" dir=\"ltr\"\u003e  Sampe dulu pernah kena \u003cspan class=\"twitter-hit-highlight\"\u003edbd\u003c/span\u003e ayah gupek,nyampe ibu nangis,atin gupek,kak arif ngomel. Haha semua pd gupek\n\u003c/div\u003e"}
{"_id":{"$oid":"57b1e94c7fea4b73228bffe3"},"username":"InfoBalikpapan","index":822,"data_id":"/InfoBalikpapan/status/590515900920369152?p=v","url":"590515900920369152","time_tweet":"21 Apr 15","text_tweet":"#suarabpn \"@hnafisidik: Pengajuan penyemprotan foging bayar... Hah!!! Pemkot Bppn mana! 13 orang DBD di RT kami cc @info_pemkotbpn @Syukri_W","original_tweet":"\u003cdiv class=\"dir-ltr\" dir=\"ltr\"\u003e  \u003ca href=\"/hashtag/suarabpn?src=hash\" data-query-source=\"hashtag_click\" class=\"twitter-hashtag dir-ltr\" dir=\"ltr\"\u003e#suarabpn\u003c/a\u003e \"\u003ca href=\"/hnafisidik\" class=\"twitter-atreply dir-ltr\" dir=\"ltr\" data-mentioned-user-id=\"79931263\" data-screenname=\"hnafisidik\"\u003e@hnafisidik\u003c/a\u003e: Pengajuan penyemprotan foging bayar... Hah!!! Pemkot Bppn mana! 13 orang \u003cspan class=\"twitter-hit-highlight\"\u003eDBD\u003c/span\u003e di RT kami cc @info_pemkotbpn \u003ca href=\"/Syukri_W\" class=\"twitter-atreply dir-ltr\" dir=\"ltr\" data-mentioned-user-id=\"1467437881\" data-screenname=\"Syukri_W\"\u003e@Syukri_W\u003c/a\u003e\n\u003c/div\u003e"}
{"_id":{"$oid":"57b1e94c7fea4b73228bffe4"},"username":"bradsvoIcano","index":823,"data_id":"/bradsvoIcano/status/590514509091045376?p=v","url":"590514509091045376","time_tweet":"21 Apr 15","text_tweet":"@Tony__Aguilar #TonyPresentameaTheVamps lo necesitoo en serioo Tony ðŸ˜­ðŸ˜­ðŸ˜­ dkd dbd","original_tweet":"\u003cdiv class=\"dir-ltr\" dir=\"ltr\"\u003e  \u003ca href=\"/Tony__Aguilar\" class=\"twitter-atreply dir-ltr\" dir=\"ltr\" data-mentioned-user-id=\"743082675125288960\" data-screenname=\"Tony__Aguilar\"\u003e@Tony__Aguilar\u003c/a\u003e \u003ca href=\"/hashtag/TonyPresentameaTheVamps?src=hash\" data-query-source=\"hashtag_click\" class=\"twitter-hashtag dir-ltr\" dir=\"ltr\"\u003e#TonyPresentameaTheVamps\u003c/a\u003e lo necesitoo en serioo Tony ðŸ˜­ðŸ˜­ðŸ˜­ dkd \u003cspan class=\"twitter-hit-highlight\"\u003edbd\u003c/span\u003e\n\u003c/div\u003e"}
{"_id":{"$oid":"57b1e94c7fea4b73228bffe5"},"username":"pelangsingteh","index":824,"data_id":"/pelangsingteh/status/590511991803936770?p=v","url":"590511991803936770","time_tweet":"21 Apr 15","text_tweet":"Biasanya DBD diawali dengan suhu tubuh tinggi 39-40 celcius, nyeri kepala, mual dan kadang disertai bintik merah.","original_tweet":"\u003cdiv class=\"dir-ltr\" dir=\"ltr\"\u003e  Biasanya \u003cspan class=\"twitter-hit-highlight\"\u003eDBD\u003c/span\u003e diawali dengan suhu tubuh tinggi 39-40 celcius, nyeri kepala, mual dan kadang disertai bintik merah.\n\u003c/div\u003e"}
{"_id":{"$oid":"57b1e94c7fea4b73228bffe6"},"username":"Banten_News","index":825,"data_id":"/Banten_News/status/590504738677919744?p=v","url":"590504738677919744","time_tweet":"21 Apr 15","text_tweet":"Lima Balita di Kabupaten Serang Diduga Terkena DBD - Republika Online bit.ly/1yNQ5SS #Serang #Banten","original_tweet":"\u003cdiv class=\"dir-ltr\" dir=\"ltr\"\u003e  Lima Balita di Kabupaten Serang Diduga Terkena \u003cspan class=\"twitter-hit-highlight\"\u003eDBD\u003c/span\u003e - Republika Online \u003ca href=\"http://t.co/TeQBwJtxsi\" rel=\"nofollow\" dir=\"ltr\" data-expanded-url=\"http://bit.ly/1yNQ5SS\" data-url=\"http://bit.ly/1yNQ5SS\" class=\"twitter_external_link dir-ltr tco-link\" target=\"_blank\" title=\"http://bit.ly/1yNQ5SS\"\u003ebit.ly/1yNQ5SS\u003c/a\u003e \u003ca href=\"/hashtag/Serang?src=hash\" data-query-source=\"hashtag_click\" class=\"twitter-hashtag dir-ltr\" dir=\"ltr\"\u003e#Serang\u003c/a\u003e \u003ca href=\"/hashtag/Banten?src=hash\" data-query-source=\"hashtag_click\" class=\"twitter-hashtag dir-ltr\" dir=\"ltr\"\u003e#Banten\u003c/a\u003e\n\u003c/div\u003e"}
{"_id":{"$oid":"57b1e94c7fea4b73228bffe7"},"username":"rdi971","index":826,"data_id":"/rdi971/status/590502754113589248?p=v","url":"590502754113589248","time_tweet":"21 Apr 15","text_tweet":"Mau dengerin obrolan yg seru \u0026; interaksi @Didin_Bagito \u0026; @dailoplop? Cuma di #DBD tiap jam 6-10 pagi bareng Procold \u0026; @abc_battery","original_tweet":"\u003cdiv class=\"dir-ltr\" dir=\"ltr\"\u003e  Mau dengerin obrolan yg seru \u0026amp; interaksi \u003ca href=\"/Didin_Bagito\" class=\"twitter-atreply dir-ltr\" dir=\"ltr\" data-mentioned-user-id=\"151890383\" data-screenname=\"Didin_Bagito\"\u003e@Didin_Bagito\u003c/a\u003e \u0026amp; \u003ca href=\"/dailoplop\" class=\"twitter-atreply dir-ltr\" dir=\"ltr\" data-mentioned-user-id=\"378541095\" data-screenname=\"dailoplop\"\u003e@dailoplop\u003c/a\u003e? Cuma di \u003ca href=\"/hashtag/DBD?src=hash\" data-query-source=\"hashtag_click\" class=\"twitter-hashtag dir-ltr\" dir=\"ltr\"\u003e#\u003cspan class=\"twitter-hit-highlight\"\u003eDBD\u003c/span\u003e\u003c/a\u003e tiap jam 6-10 pagi bareng Procold \u0026amp; \u003ca href=\"/abc_battery\" class=\"twitter-atreply dir-ltr\" dir=\"ltr\" data-mentioned-user-id=\"177069689\" data-screenname=\"abc_battery\"\u003e@abc_battery\u003c/a\u003e\n\u003c/div\u003e"}
{"_id":{"$oid":"57b1e94c7fea4b73228bffe8"},"username":"aryantibanjarn1","index":827,"data_id":"/aryantibanjarn1/status/590502730600349698?p=v","url":"590502730600349698","time_tweet":"21 Apr 15","text_tweet":"Haha... Teh dai bisa aja, suka lupa brnpas klo dngrin DBD, abzny ktwa trus si... Tp untungny msih idup hehe @dailoplop","original_tweet":"\u003cdiv class=\"dir-ltr\" dir=\"ltr\"\u003e  Haha... Teh dai bisa aja, suka lupa brnpas klo dngrin \u003cspan class=\"twitter-hit-highlight\"\u003eDBD\u003c/span\u003e, abzny ktwa trus si... Tp untungny msih idup hehe \u003ca href=\"/dailoplop\" class=\"twitter-atreply dir-ltr\" dir=\"ltr\" data-mentioned-user-id=\"378541095\" data-screenname=\"dailoplop\"\u003e@dailoplop\u003c/a\u003e\n\u003c/div\u003e"}
{"_id":{"$oid":"57b1e9537fea4b73228bffe9"},"username":"indoKEPO","index":828,"data_id":"/indoKEPO/status/590499143627354112?p=v","url":"590499143627354112","time_tweet":"21 Apr 15","text_tweet":"Jambu biji, pepaya, jeruk, atau mangga yang kaya cairan baik dikonsumsi untuk membantu pemulihan saat demam berdarah.","original_tweet":"\u003cdiv class=\"dir-ltr\" dir=\"ltr\"\u003e  Jambu biji, pepaya, jeruk, atau mangga yang kaya cairan baik dikonsumsi untuk membantu pemulihan saat \u003cspan class=\"twitter-hit-highlight\"\u003edemam berdarah\u003c/span\u003e.\n\u003c/div\u003e"}
{"_id":{"$oid":"57b1e9537fea4b73228bffea"},"username":"AnnSingket09","index":829,"data_id":"/AnnSingket09/status/590498506801975298?p=v","url":"590498506801975298","time_tweet":"21 Apr 15","text_tweet":"#YungCrushKong Walang Pake sakin :( Ang sakit Db :'(","original_tweet":"\u003cdiv class=\"dir-ltr\" dir=\"ltr\"\u003e  \u003ca href=\"/hashtag/YungCrushKong?src=hash\" data-query-source=\"hashtag_click\" class=\"twitter-hashtag dir-ltr\" dir=\"ltr\"\u003e#YungCrushKong\u003c/a\u003e Walang Pake sakin :( Ang \u003cspan class=\"twitter-hit-highlight\"\u003esakit Db\u003c/span\u003e :'(\n\u003c/div\u003e"}
{"_id":{"$oid":"57b1e9537fea4b73228bffeb"},"username":"gghwngy","index":830,"data_id":"/gghwngy/status/590497144001302528?p=v","url":"590497144001302528","time_tweet":"21 Apr 15","text_tweet":"Lima Balita di Kabupaten Serang Diduga Terkena DBD dlvr.it/9TvxvC","original_tweet":"\u003cdiv class=\"dir-ltr\" dir=\"ltr\"\u003e  Lima Balita di Kabupaten Serang Diduga Terkena \u003cspan class=\"twitter-hit-highlight\"\u003eDBD\u003c/span\u003e \u003ca href=\"http://t.co/aXrqga78uu\" rel=\"nofollow\" dir=\"ltr\" data-expanded-url=\"http://dlvr.it/9TvxvC\" data-url=\"http://dlvr.it/9TvxvC\" class=\"twitter_external_link dir-ltr tco-link\" target=\"_blank\" title=\"http://dlvr.it/9TvxvC\"\u003edlvr.it/9TvxvC\u003c/a\u003e\n\u003c/div\u003e"}
{"_id":{"$oid":"57b1e9537fea4b73228bffec"},"username":"PulauTidungTrav","index":831,"data_id":"/PulauTidungTrav/status/590495627357749248?p=v","url":"590495627357749248","time_tweet":"21 Apr 15","text_tweet":"Diperkirakan Kena DBD, Bocah Kep Seribu Meninggal - Poskotanews: Poskotanews Diperkirakan Kena DBD, Bocah Kepâ€¦ dlvr.it/9TvrZG","original_tweet":"\u003cdiv class=\"dir-ltr\" dir=\"ltr\"\u003e  Diperkirakan Kena \u003cspan class=\"twitter-hit-highlight\"\u003eDBD\u003c/span\u003e, Bocah Kep Seribu Meninggal - Poskotanews: Poskotanews Diperkirakan Kena \u003cspan class=\"twitter-hit-highlight\"\u003eDBD\u003c/span\u003e, Bocah Kepâ€¦ \u003ca href=\"http://t.co/lE2IYPv6tG\" rel=\"nofollow\" dir=\"ltr\" data-expanded-url=\"http://dlvr.it/9TvrZG\" data-url=\"http://dlvr.it/9TvrZG\" class=\"twitter_external_link dir-ltr tco-link\" target=\"_blank\" title=\"http://dlvr.it/9TvrZG\"\u003edlvr.it/9TvrZG\u003c/a\u003e\n\u003c/div\u003e"}
{"_id":{"$oid":"57b1e95b7fea4b73228bffed"},"username":"Tidung_Woles","index":832,"data_id":"/Tidung_Woles/status/590495487695826944?p=v","url":"590495487695826944","time_tweet":"21 Apr 15","text_tweet":"Diperkirakan Kena DBD, Bocah Kep Seribu Meninggal - Poskotanews: Poskotanews Diperkirakan Kena DBD, Bocah Kepâ€¦ dlvr.it/9Tvn7z","original_tweet":"\u003cdiv class=\"dir-ltr\" dir=\"ltr\"\u003e  Diperkirakan Kena \u003cspan class=\"twitter-hit-highlight\"\u003eDBD\u003c/span\u003e, Bocah Kep Seribu Meninggal - Poskotanews: Poskotanews Diperkirakan Kena \u003cspan class=\"twitter-hit-highlight\"\u003eDBD\u003c/span\u003e, Bocah Kepâ€¦ \u003ca href=\"http://t.co/SthWjSBTlE\" rel=\"nofollow\" dir=\"ltr\" data-expanded-url=\"http://dlvr.it/9Tvn7z\" data-url=\"http://dlvr.it/9Tvn7z\" class=\"twitter_external_link dir-ltr tco-link\" target=\"_blank\" title=\"http://dlvr.it/9Tvn7z\"\u003edlvr.it/9Tvn7z\u003c/a\u003e\n\u003c/div\u003e"}
{"_id":{"$oid":"57b1e95b7fea4b73228bffee"},"username":"republikaonline","index":833,"data_id":"/republikaonline/status/590494509923835904?p=v","url":"590494509923835904","time_tweet":"21 Apr 15","text_tweet":"Lima Balita di Kabupaten Serang Diduga Terkena DBD republika.co.id/r/nn5pq3","original_tweet":"\u003cdiv class=\"dir-ltr\" dir=\"ltr\"\u003e  Lima Balita di Kabupaten Serang Diduga Terkena \u003cspan class=\"twitter-hit-highlight\"\u003eDBD\u003c/span\u003e \u003ca href=\"http://t.co/EVFfDDWjoK\" rel=\"nofollow\" dir=\"ltr\" data-expanded-url=\"http://republika.co.id/r/nn5pq3\" data-url=\"http://republika.co.id/r/nn5pq3\" class=\"twitter_external_link dir-ltr tco-link\" target=\"_blank\" title=\"http://republika.co.id/r/nn5pq3\"\u003erepublika.co.id/r/nn5pq3\u003c/a\u003e\n\u003c/div\u003e"}
{"_id":{"$oid":"57b1e95b7fea4b73228bffef"},"username":"GAfiffah","index":834,"data_id":"/GAfiffah/status/590490134572707841?p=v","url":"590490134572707841","time_tweet":"21 Apr 15","text_tweet":"Semacem dbd. Ngilu smuaðŸ˜ª â™« So Sick by Ne-Yo â€” path.com/p/QJvP6","original_tweet":"\u003cdiv class=\"dir-ltr\" dir=\"ltr\"\u003e  Semacem \u003cspan class=\"twitter-hit-highlight\"\u003edbd\u003c/span\u003e. Ngilu smuaðŸ˜ª â™« So Sick by Ne-Yo â€” \u003ca href=\"https://t.co/Y1WBFZFfqb\" rel=\"nofollow\" dir=\"ltr\" data-expanded-url=\"https://path.com/p/QJvP6\" data-url=\"https://path.com/p/QJvP6\" class=\"twitter_external_link dir-ltr tco-link\" target=\"_blank\" title=\"https://path.com/p/QJvP6\"\u003epath.com/p/QJvP6\u003c/a\u003e\n\u003c/div\u003e"}
{"_id":{"$oid":"57b1e95b7fea4b73228bfff0"},"username":"DBD_85","index":835,"data_id":"/DBD_85/status/590488003866300416?p=v","url":"590488003866300416","time_tweet":"21 Apr 15","text_tweet":"terima kasih untuk @DhonaFitria dan @FaridzNoorman sudah ingin tampil di acara fashion show sebagai couple dengan perwakilan 85 heheðŸ‘‘âœ¨","original_tweet":"\u003cdiv class=\"dir-ltr\" dir=\"ltr\"\u003e  terima kasih untuk \u003ca href=\"/DhonaFitria\" class=\"twitter-atreply dir-ltr\" dir=\"ltr\" data-mentioned-user-id=\"1600713008\" data-screenname=\"DhonaFitria\"\u003e@DhonaFitria\u003c/a\u003e dan \u003ca href=\"/FaridzNoorman\" class=\"twitter-atreply dir-ltr\" dir=\"ltr\" data-mentioned-user-id=\"1283263196\" data-screenname=\"FaridzNoorman\"\u003e@FaridzNoorman\u003c/a\u003e sudah ingin tampil di acara fashion show sebagai couple dengan perwakilan 85 heheðŸ‘‘âœ¨\n\u003c/div\u003e"}
{"_id":{"$oid":"57b1e95b7fea4b73228bfff1"},"username":"DBD_85","index":836,"data_id":"/DBD_85/status/590487294492028928?p=v","url":"590487294492028928","time_tweet":"21 Apr 15","text_tweet":"selamat hari kartiniâœ¨","original_tweet":"\u003cdiv class=\"dir-ltr\" dir=\"ltr\"\u003e  selamat hari kartiniâœ¨\n\u003c/div\u003e"}
{"_id":{"$oid":"57b1e95b7fea4b73228bfff2"},"username":"HaeqalFachmi","index":837,"data_id":"/HaeqalFachmi/status/590486439457988608?p=v","url":"590486439457988608","time_tweet":"21 Apr 15","text_tweet":"Kiki ko dbd katanya da bilang ibu? (with Indri)","original_tweet":"\u003cdiv class=\"dir-ltr\" dir=\"ltr\"\u003e  Kiki ko \u003cspan class=\"twitter-hit-highlight\"\u003edbd\u003c/span\u003e katanya da bilang ibu? (with Indri)\n\u003c/div\u003e"}
{"_id":{"$oid":"57b1e95b7fea4b73228bfff3"},"username":"nunkiarmada","index":838,"data_id":"/nunkiarmada/status/590481984650027008?p=v","url":"590481984650027008","time_tweet":"21 Apr 15","text_tweet":"Ruang ICU RSU Kebumen,de Dimas lg sakit DBD â˜¹ GWS ya de..miss you ('3')â™¥","original_tweet":"\u003cdiv class=\"dir-ltr\" dir=\"ltr\"\u003e  Ruang ICU RSU Kebumen,de Dimas lg sakit \u003cspan class=\"twitter-hit-highlight\"\u003eDBD\u003c/span\u003e â˜¹ GWS ya de..miss you ('3')â™¥\n\u003c/div\u003e"}
{"_id":{"$oid":"57b1e95b7fea4b73228bfff4"},"username":"dineke_DBD","index":839,"data_id":"/dineke_DBD/status/590481889934200832?p=v","url":"590481889934200832","time_tweet":"21 Apr 15","text_tweet":"Selamatmalam;;)","original_tweet":"\u003cdiv class=\"dir-ltr\" dir=\"ltr\"\u003e  Selamatmalam;;)\n\u003c/div\u003e"}
{"_id":{"$oid":"57b1e95b7fea4b73228bfff5"},"username":"vilageonvilla","index":840,"data_id":"/vilageonvilla/status/590479227989790720?p=v","url":"590479227989790720","time_tweet":"21 Apr 15","text_tweet":"DBD @ViP RooM 408 GWS GBU opaa (at @suryahusadha_) [pic] â€” path.com/p/4EH6BY","original_tweet":"\u003cdiv class=\"dir-ltr\" dir=\"ltr\"\u003e  \u003cspan class=\"twitter-hit-highlight\"\u003eDBD\u003c/span\u003e \u003ca href=\"/VIP\" class=\"twitter-atreply dir-ltr\" dir=\"ltr\" data-mentioned-user-id=\"407963932\" data-screenname=\"VIP\"\u003e@ViP\u003c/a\u003e RooM 408 \nGWS GBU opaa (at \u003ca href=\"/suryahusadha_\" class=\"twitter-atreply dir-ltr\" dir=\"ltr\" data-mentioned-user-id=\"1371180277\" data-screenname=\"suryahusadha_\"\u003e@suryahusadha_\u003c/a\u003e) [pic] â€” \u003ca href=\"https://t.co/yTWBJ9s8Fw\" rel=\"nofollow\" dir=\"ltr\" data-expanded-url=\"https://path.com/p/4EH6BY\" data-url=\"https://path.com/p/4EH6BY\" class=\"twitter_external_link dir-ltr tco-link\" target=\"_blank\" title=\"https://path.com/p/4EH6BY\"\u003epath.com/p/4EH6BY\u003c/a\u003e\n\u003c/div\u003e"}
{"_id":{"$oid":"57b1e95b7fea4b73228bfff6"},"username":"CMLviz","index":841,"data_id":"/CMLviz/status/590472055448973312?p=v","url":"590472055448973312","time_tweet":"21 Apr 15","text_tweet":"$DBD vs. $LXK vs. $SSYS vs. $EFII Compared Across 9 Critical Measures bit.ly/1E5Qi44 pic.twitter.com/FAO1LqgQLv","original_tweet":"\u003cdiv class=\"dir-ltr\" dir=\"ltr\"\u003e  \u003ca href=\"/search?q=%24DBD\u0026amp;src=ctag\" data-query-source=\"cashtag_click\" class=\"twitter-cashtag pretty-link js-nav\" dir=\"ltr\"\u003e$\u003cspan class=\"twitter-hit-highlight\"\u003eDBD\u003c/span\u003e\u003c/a\u003e vs. \u003ca href=\"/search?q=%24LXK\u0026amp;src=ctag\" data-query-source=\"cashtag_click\" class=\"twitter-cashtag pretty-link js-nav\" dir=\"ltr\"\u003e$LXK\u003c/a\u003e vs. \u003ca href=\"/search?q=%24SSYS\u0026amp;src=ctag\" data-query-source=\"cashtag_click\" class=\"twitter-cashtag pretty-link js-nav\" dir=\"ltr\"\u003e$SSYS\u003c/a\u003e vs. \u003ca href=\"/search?q=%24EFII\u0026amp;src=ctag\" data-query-source=\"cashtag_click\" class=\"twitter-cashtag pretty-link js-nav\" dir=\"ltr\"\u003e$EFII\u003c/a\u003e Compared Across 9 Critical Measures \u003ca href=\"http://t.co/oMg8MlTxJj\" rel=\"nofollow\" dir=\"ltr\" data-expanded-url=\"http://bit.ly/1E5Qi44\" data-url=\"http://bit.ly/1E5Qi44\" class=\"twitter_external_link dir-ltr tco-link\" target=\"_blank\" title=\"http://bit.ly/1E5Qi44\"\u003ebit.ly/1E5Qi44\u003c/a\u003e \u003ca href=\"http://t.co/FAO1LqgQLv\" data-pre-embedded=\"true\" rel=\"nofollow\" data-entity-id=\"590472054731767809\" dir=\"ltr\" data-url=\"http://twitter.com/CML_VisualFeed/status/590472055448973312/photo/1\" data-tco-id=\"FAO1LqgQLv\" class=\"twitter_external_link dir-ltr tco-link has-expanded-path\" target=\"_top\" data-expanded-path=\"/CML_VisualFeed/status/590472055448973312/photo/1\"\u003epic.twitter.com/FAO1LqgQLv\u003c/a\u003e\n\u003c/div\u003e"}
{"_id":{"$oid":"57b1e95b7fea4b73228bfff7"},"username":"holisticareID","index":842,"data_id":"/holisticareID/status/590470039599321089?p=v","url":"590470039599321089","time_tweet":"21 Apr 15","text_tweet":"Kebiasaan meminum jus jambu biji saat menderita penyakit demam berdarah memang sudah mengakar kuat di masyarakat... fb.me/7x0Ihtakl","original_tweet":"\u003cdiv class=\"dir-ltr\" dir=\"ltr\"\u003e  Kebiasaan meminum jus jambu biji saat menderita penyakit \u003cspan class=\"twitter-hit-highlight\"\u003edemam berdarah\u003c/span\u003e memang sudah mengakar kuat di masyarakat... \u003ca href=\"http://t.co/nvsKUrZ7IF\" rel=\"nofollow\" dir=\"ltr\" data-expanded-url=\"http://fb.me/7x0Ihtakl\" data-url=\"http://fb.me/7x0Ihtakl\" class=\"twitter_external_link dir-ltr tco-link\" target=\"_blank\" title=\"http://fb.me/7x0Ihtakl\"\u003efb.me/7x0Ihtakl\u003c/a\u003e\n\u003c/div\u003e"}
{"_id":{"$oid":"57b1e95b7fea4b73228bfff8"},"username":"MaskerJerawat08","index":843,"data_id":"/MaskerJerawat08/status/590467758397071360?p=v","url":"590467758397071360","time_tweet":"21 Apr 15","text_tweet":"kandungan mineral tembaga dlm Jambu merah dpt meningkatkan kadar trombosit dlm darah shg sering digunakan utk pengobatan demam berdarah","original_tweet":"\u003cdiv class=\"dir-ltr\" dir=\"ltr\"\u003e  kandungan mineral tembaga dlm Jambu merah dpt meningkatkan kadar trombosit dlm darah shg sering digunakan utk pengobatan \u003cspan class=\"twitter-hit-highlight\"\u003edemam berdarah\u003c/span\u003e\n\u003c/div\u003e"}
{"_id":{"$oid":"57b1e95b7fea4b73228bfff9"},"username":"Sonora998","index":844,"data_id":"/Sonora998/status/590465775636320256?p=v","url":"590465775636320256","time_tweet":"21 Apr 15","text_tweet":"Warta Banyumas: kasus DBD di Kabupaten Banyumas mengalami peningkatan yakni 88 kasus.","original_tweet":"\u003cdiv class=\"dir-ltr\" dir=\"ltr\"\u003e  Warta Banyumas: kasus \u003cspan class=\"twitter-hit-highlight\"\u003eDBD\u003c/span\u003e di Kabupaten Banyumas mengalami peningkatan yakni 88 kasus.\n\u003c/div\u003e"}
{"_id":{"$oid":"57b1e95f7fea4b73228bfffa"},"username":"Fakta2WOW","index":845,"data_id":"/Fakta2WOW/status/590465682518585344?p=v","url":"590465682518585344","time_tweet":"21 Apr 15","text_tweet":"Nyamuk membawa penyakit (malaria,demam berdarah, dll). jadi bukannyamuknya sendiri yg membunuh,tetapi penyakit yg dibawanya.","original_tweet":"\u003cdiv class=\"dir-ltr\" dir=\"ltr\"\u003e  Nyamuk membawa penyakit (malaria,\n\u003cspan class=\"twitter-hit-highlight\"\u003edemam berdarah\u003c/span\u003e, dll). jadi bukan\nnyamuknya sendiri yg membunuh,\ntetapi penyakit yg dibawanya.\n\u003c/div\u003e"}
{"_id":{"$oid":"57b1e95f7fea4b73228bfffb"},"username":"TrikSehat","index":846,"data_id":"/TrikSehat/status/590463747828817920?p=v","url":"590463747828817920","time_tweet":"21 Apr 15","text_tweet":"kandungan mineral tembaga dlm Jambu merah dpt meningkatkan kadar trombosit dlm darah shg sering digunakan utk pengobatan demam berdarah","original_tweet":"\u003cdiv class=\"dir-ltr\" dir=\"ltr\"\u003e  kandungan mineral tembaga dlm Jambu merah dpt meningkatkan kadar trombosit dlm darah shg sering digunakan utk pengobatan \u003cspan class=\"twitter-hit-highlight\"\u003edemam berdarah\u003c/span\u003e\n\u003c/div\u003e"}
{"_id":{"$oid":"57b1e95f7fea4b73228bfffc"},"username":"alzoera","index":847,"data_id":"/alzoera/status/590449708927090688?p=v","url":"590449708927090688","time_tweet":"21 Apr 15","text_tweet":"Kota Malang Diserang DBD dlvr.it/9TpHwJ #AREMA pic.twitter.com/PcLPudfwqv","original_tweet":"\u003cdiv class=\"dir-ltr\" dir=\"ltr\"\u003e  Kota Malang Diserang \u003cspan class=\"twitter-hit-highlight\"\u003eDBD\u003c/span\u003e \u003ca href=\"http://t.co/n2GAT3rTId\" rel=\"nofollow\" dir=\"ltr\" data-expanded-url=\"http://dlvr.it/9TpHwJ\" data-url=\"http://dlvr.it/9TpHwJ\" class=\"twitter_external_link dir-ltr tco-link\" target=\"_blank\" title=\"http://dlvr.it/9TpHwJ\"\u003edlvr.it/9TpHwJ\u003c/a\u003e \u003ca href=\"/hashtag/AREMA?src=hash\" data-query-source=\"hashtag_click\" class=\"twitter-hashtag dir-ltr\" dir=\"ltr\"\u003e#AREMA\u003c/a\u003e \u003ca href=\"http://t.co/PcLPudfwqv\" data-pre-embedded=\"true\" rel=\"nofollow\" data-entity-id=\"590449708851548161\" dir=\"ltr\" data-url=\"http://twitter.com/cakjoe_/status/590449708927090688/photo/1\" data-tco-id=\"PcLPudfwqv\" class=\"twitter_external_link dir-ltr tco-link has-expanded-path\" target=\"_top\" data-expanded-path=\"/cakjoe_/status/590449708927090688/photo/1\"\u003epic.twitter.com/PcLPudfwqv\u003c/a\u003e\n\u003c/div\u003e"}
{"_id":{"$oid":"57b1e95f7fea4b73228bfffd"},"username":"ptrpujaus","index":848,"data_id":"/ptrpujaus/status/590447333571108865?p=v","url":"590447333571108865","time_tweet":"21 Apr 15","text_tweet":"Sakitnya tuh disiniðŸ’” Ekekek. Sakit dbd ris u,uuu Aamiin yaAllah, makasih doanya ayankk muahhðŸ’•ðŸ’•ðŸ’• @rsnhrynt","original_tweet":"\u003cdiv class=\"dir-ltr\" dir=\"ltr\"\u003e  Sakitnya tuh disiniðŸ’” Ekekek. Sakit \u003cspan class=\"twitter-hit-highlight\"\u003edbd\u003c/span\u003e ris u,uuu Aamiin yaAllah, makasih doanya ayankk muahhðŸ’•ðŸ’•ðŸ’• \u003ca href=\"/rsnhrynt\" class=\"twitter-atreply dir-ltr\" dir=\"ltr\" data-mentioned-user-id=\"484735360\" data-screenname=\"rsnhrynt\"\u003e@rsnhrynt\u003c/a\u003e\n\u003c/div\u003e"}
{"_id":{"$oid":"57b1e95f7fea4b73228bfffe"},"username":"shinju_8","index":849,"data_id":"/shinju_8/status/590444094209396737?p=v","url":"590444094209396737","time_tweet":"21 Apr 15","text_tweet":"Biasanya DBD diawali dengan suhu tubuh tinggi 39-40 celcius, nyeri kepala, mual dan kadang disertai bintik merah.","original_tweet":"\u003cdiv class=\"dir-ltr\" dir=\"ltr\"\u003e  Biasanya \u003cspan class=\"twitter-hit-highlight\"\u003eDBD\u003c/span\u003e diawali dengan suhu tubuh tinggi 39-40 celcius, nyeri kepala, mual dan kadang disertai bintik merah.\n\u003c/div\u003e"}
{"_id":{"$oid":"57b1e95f7fea4b73228bffff"},"username":"malangraya","index":850,"data_id":"/malangraya/status/590435034890309633?p=v","url":"590435034890309633","time_tweet":"21 Apr 15","text_tweet":"Kota Malang Diserang DBD goo.gl/fb/1cmX6N #rdrMLG #headline #blimbing #dinaskesehatan #kesehatan #kotamalang","original_tweet":"\u003cdiv class=\"dir-ltr\" dir=\"ltr\"\u003e  Kota Malang Diserang \u003cspan class=\"twitter-hit-highlight\"\u003eDBD\u003c/span\u003e \u003ca href=\"http://t.co/p7AJjC1Nrd\" rel=\"nofollow\" dir=\"ltr\" data-expanded-url=\"http://goo.gl/fb/1cmX6N\" data-url=\"http://goo.gl/fb/1cmX6N\" class=\"twitter_external_link dir-ltr tco-link\" target=\"_blank\" title=\"http://goo.gl/fb/1cmX6N\"\u003egoo.gl/fb/1cmX6N\u003c/a\u003e \u003ca href=\"/hashtag/rdrMLG?src=hash\" data-query-source=\"hashtag_click\" class=\"twitter-hashtag dir-ltr\" dir=\"ltr\"\u003e#rdrMLG\u003c/a\u003e \u003ca href=\"/hashtag/headline?src=hash\" data-query-source=\"hashtag_click\" class=\"twitter-hashtag dir-ltr\" dir=\"ltr\"\u003e#headline\u003c/a\u003e \u003ca href=\"/hashtag/blimbing?src=hash\" data-query-source=\"hashtag_click\" class=\"twitter-hashtag dir-ltr\" dir=\"ltr\"\u003e#blimbing\u003c/a\u003e \u003ca href=\"/hashtag/dinaskesehatan?src=hash\" data-query-source=\"hashtag_click\" class=\"twitter-hashtag dir-ltr\" dir=\"ltr\"\u003e#dinaskesehatan\u003c/a\u003e \u003ca href=\"/hashtag/kesehatan?src=hash\" data-query-source=\"hashtag_click\" class=\"twitter-hashtag dir-ltr\" dir=\"ltr\"\u003e#kesehatan\u003c/a\u003e \u003ca href=\"/hashtag/kotamalang?src=hash\" data-query-source=\"hashtag_click\" class=\"twitter-hashtag dir-ltr\" dir=\"ltr\"\u003e#kotamalang\u003c/a\u003e\n\u003c/div\u003e"}
{"_id":{"$oid":"57b1e95f7fea4b73228c0000"},"username":"jokowinomics","index":851,"data_id":"/jokowinomics/status/590430543549829120?p=v","url":"590430543549829120","time_tweet":"21 Apr 15","text_tweet":"Menggugat Manfaat Fogging Cegah PenyakitÂ DBD wp.me/p5FoWY-zx","original_tweet":"\u003cdiv class=\"dir-ltr\" dir=\"ltr\"\u003e  Menggugat Manfaat Fogging Cegah PenyakitÂ \u003cspan class=\"twitter-hit-highlight\"\u003eDBD\u003c/span\u003e \u003ca href=\"http://t.co/9O8phOSxiX\" rel=\"nofollow\" dir=\"ltr\" data-expanded-url=\"http://wp.me/p5FoWY-zx\" data-url=\"http://wp.me/p5FoWY-zx\" class=\"twitter_external_link dir-ltr tco-link\" target=\"_blank\" title=\"http://wp.me/p5FoWY-zx\"\u003ewp.me/p5FoWY-zx\u003c/a\u003e\n\u003c/div\u003e"}
{"_id":{"$oid":"57b1e95f7fea4b73228c0001"},"username":"infojatim","index":852,"data_id":"/infojatim/status/590427568060391425?p=v","url":"590427568060391425","time_tweet":"21 Apr 15","text_tweet":"Satu tewas karena DBD, Dinkes Kota Malang tolak fogging - LensaIndonesia.com goo.gl/fb/WR61mK #Malang","original_tweet":"\u003cdiv class=\"dir-ltr\" dir=\"ltr\"\u003e  Satu tewas karena \u003cspan class=\"twitter-hit-highlight\"\u003eDBD\u003c/span\u003e, Dinkes Kota Malang tolak fogging - \u003ca href=\"http://t.co/b2JBEPE2Pk\" rel=\"nofollow\" dir=\"ltr\" data-expanded-url=\"http://LensaIndonesia.com\" data-url=\"http://LensaIndonesia.com\" class=\"twitter_external_link dir-ltr tco-link\" target=\"_blank\" title=\"http://LensaIndonesia.com\"\u003eLensaIndonesia.com\u003c/a\u003e \u003ca href=\"http://t.co/mk2iUIq1EI\" rel=\"nofollow\" dir=\"ltr\" data-expanded-url=\"http://goo.gl/fb/WR61mK\" data-url=\"http://goo.gl/fb/WR61mK\" class=\"twitter_external_link dir-ltr tco-link\" target=\"_blank\" title=\"http://goo.gl/fb/WR61mK\"\u003egoo.gl/fb/WR61mK\u003c/a\u003e \u003ca href=\"/hashtag/Malang?src=hash\" data-query-source=\"hashtag_click\" class=\"twitter-hashtag dir-ltr\" dir=\"ltr\"\u003e#Malang\u003c/a\u003e\n\u003c/div\u003e"}
{"_id":{"$oid":"57b1e95f7fea4b73228c0002"},"username":"infojatim","index":853,"data_id":"/infojatim/status/590426648857677824?p=v","url":"590426648857677824","time_tweet":"21 Apr 15","text_tweet":"Demam berdarah Madiun membuat RSUD dr Soedono kewalahan. - Solopos goo.gl/fb/3W0O0l #Madiun","original_tweet":"\u003cdiv class=\"dir-ltr\" dir=\"ltr\"\u003e  \u003cspan class=\"twitter-hit-highlight\"\u003eDemam berdarah\u003c/span\u003e Madiun membuat RSUD dr Soedono kewalahan. - Solopos \u003ca href=\"http://t.co/85niGRt54y\" rel=\"nofollow\" dir=\"ltr\" data-expanded-url=\"http://goo.gl/fb/3W0O0l\" data-url=\"http://goo.gl/fb/3W0O0l\" class=\"twitter_external_link dir-ltr tco-link\" target=\"_blank\" title=\"http://goo.gl/fb/3W0O0l\"\u003egoo.gl/fb/3W0O0l\u003c/a\u003e \u003ca href=\"/hashtag/Madiun?src=hash\" data-query-source=\"hashtag_click\" class=\"twitter-hashtag dir-ltr\" dir=\"ltr\"\u003e#Madiun\u003c/a\u003e\n\u003c/div\u003e"}
{"_id":{"$oid":"57b1e95f7fea4b73228c0003"},"username":"SEHATalaPHB","index":854,"data_id":"/SEHATalaPHB/status/590425048785137665?p=v","url":"590425048785137665","time_tweet":"21 Apr 15","text_tweet":"AWAS, DEMAM BERDARAH SAAT PERGANTIAN MUSIM. WASPADALAH !!! KLIK \u0026gt;\u0026gt; chirpstory.com/li/250593","original_tweet":"\u003cdiv class=\"dir-ltr\" dir=\"ltr\"\u003e  AWAS, \u003cspan class=\"twitter-hit-highlight\"\u003eDEMAM BERDARAH\u003c/span\u003e SAAT PERGANTIAN MUSIM. WASPADALAH !!! KLIK \u0026gt;\u0026gt; \u003ca href=\"http://t.co/X6ff1zToaB\" rel=\"nofollow\" dir=\"ltr\" data-expanded-url=\"http://chirpstory.com/li/250593\" data-url=\"http://chirpstory.com/li/250593\" class=\"twitter_external_link dir-ltr tco-link\" target=\"_blank\" title=\"http://chirpstory.com/li/250593\"\u003echirpstory.com/li/250593\u003c/a\u003e\n\u003c/div\u003e"}
{"_id":{"$oid":"57b1e95f7fea4b73228c0004"},"username":"Wakazi","index":855,"data_id":"/Wakazi/status/590418090627825664?p=v","url":"590418090627825664","time_tweet":"21 Apr 15","text_tweet":"Kaeni tayari kwa video ya 'Dengue Fever' #LiveFromStakishari fb.me/3Z2Lnsht7","original_tweet":"\u003cdiv class=\"dir-ltr\" dir=\"ltr\"\u003e  Kaeni tayari kwa video ya '\u003cspan class=\"twitter-hit-highlight\"\u003eDengue Fever\u003c/span\u003e' \u003ca href=\"/hashtag/LiveFromStakishari?src=hash\" data-query-source=\"hashtag_click\" class=\"twitter-hashtag dir-ltr\" dir=\"ltr\"\u003e#LiveFromStakishari\u003c/a\u003e \u003ca href=\"http://t.co/74YD706qE9\" rel=\"nofollow\" dir=\"ltr\" data-expanded-url=\"http://fb.me/3Z2Lnsht7\" data-url=\"http://fb.me/3Z2Lnsht7\" class=\"twitter_external_link dir-ltr tco-link\" target=\"_blank\" title=\"http://fb.me/3Z2Lnsht7\"\u003efb.me/3Z2Lnsht7\u003c/a\u003e\n\u003c/div\u003e"}
{"_id":{"$oid":"57b1e95f7fea4b73228c0005"},"username":"KAMP_RadioPlays","index":856,"data_id":"/KAMP_RadioPlays/status/590417944196165632?p=v","url":"590417944196165632","time_tweet":"21 Apr 15","text_tweet":"Just played: No Sudden Moves - Dengue Fever - The Deepest Lake(Tuktuk)","original_tweet":"\u003cdiv class=\"dir-ltr\" dir=\"ltr\"\u003e  Just played: No Sudden Moves - \u003cspan class=\"twitter-hit-highlight\"\u003eDengue Fever\u003c/span\u003e - The Deepest Lake(Tuktuk)\n\u003c/div\u003e"}
{"_id":{"$oid":"57b1e95f7fea4b73228c0006"},"username":"jubelmalang","index":857,"data_id":"/jubelmalang/status/590417942635884544?p=v","url":"590417942635884544","time_tweet":"21 Apr 15","text_tweet":"15 warga RW 9 Kelurahan Pandanwangi, Blimbing, Kota Malang, terkena DBD, 1 diantaranya meninggal duniabit.ly/1D8obMy","original_tweet":"\u003cdiv class=\"dir-ltr\" dir=\"ltr\"\u003e  15 warga RW 9 Kelurahan Pandanwangi, Blimbing, Kota Malang, terkena \u003cspan class=\"twitter-hit-highlight\"\u003eDBD\u003c/span\u003e, 1 diantaranya meninggal dunia\n\n\u003ca href=\"http://t.co/AocuZ2y289\" rel=\"nofollow\" dir=\"ltr\" data-expanded-url=\"http://bit.ly/1D8obMy\" data-url=\"http://bit.ly/1D8obMy\" class=\"twitter_external_link dir-ltr tco-link\" target=\"_blank\" title=\"http://bit.ly/1D8obMy\"\u003ebit.ly/1D8obMy\u003c/a\u003e\n\u003c/div\u003e"}
{"_id":{"$oid":"57b1e95f7fea4b73228c0007"},"username":"pustakalewi","index":858,"data_id":"/pustakalewi/status/590416457663545346?p=v","url":"590416457663545346","time_tweet":"21 Apr 15","text_tweet":"Demam Berdarah Serang Warga Perumahan Purimas Surabayapustakalewi.net/?mod=berita\u0026;idâ€¦","original_tweet":"\u003cdiv class=\"dir-ltr\" dir=\"ltr\"\u003e  \u003cspan class=\"twitter-hit-highlight\"\u003eDemam Berdarah\u003c/span\u003e Serang Warga Perumahan Purimas Surabaya\n\u003ca href=\"http://t.co/Yri0z574nx\" rel=\"nofollow\" dir=\"ltr\" data-expanded-url=\"http://www.pustakalewi.net/?mod=berita\u0026amp;id=16983\" data-url=\"http://www.pustakalewi.net/?mod=berita\u0026amp;id=16983\" class=\"twitter_external_link dir-ltr tco-link\" target=\"_blank\" title=\"http://www.pustakalewi.net/?mod=berita\u0026amp;id=16983\"\u003epustakalewi.net/?mod=berita\u0026amp;idâ€¦\u003c/a\u003e\n\u003c/div\u003e"}
{"_id":{"$oid":"57b1e95f7fea4b73228c0008"},"username":"inilahbanten","index":859,"data_id":"/inilahbanten/status/590412400332935168?p=v","url":"590412400332935168","time_tweet":"21 Apr 15","text_tweet":"Duuh, 5 Balita Warga Kabupaten Serang Diduga Terjangkit DBD shar.es/1pWLWi","original_tweet":"\u003cdiv class=\"dir-ltr\" dir=\"ltr\"\u003e  Duuh, 5 Balita Warga Kabupaten Serang Diduga Terjangkit \u003cspan class=\"twitter-hit-highlight\"\u003eDBD\u003c/span\u003e \u003ca href=\"http://t.co/VZnm8GLLiB\" rel=\"nofollow\" dir=\"ltr\" data-expanded-url=\"http://shar.es/1pWLWi\" data-url=\"http://shar.es/1pWLWi\" class=\"twitter_external_link dir-ltr tco-link\" target=\"_blank\" title=\"http://shar.es/1pWLWi\"\u003eshar.es/1pWLWi\u003c/a\u003e\n\u003c/div\u003e"}
