{"_id":{"$oid":"57b1d16c7fea4b4f9b622339"},"username":"uuldr03","url":"/uuldr03/status/581319921482665984?p=v","text_tweet":"Gejala demam 39 derajat","time":"26 Mar 15","id":"581319921482665984"}
{"_id":{"$oid":"57b1d16c7fea4b4f9b622336"},"username":"uuldr03","url":"/uuldr03/status/581319969910038530?p=v","text_tweet":"Siklus dikenal dgn siklus pelana kuda Dan terbagi dlm 3 fase","time":"26 Mar 15","id":"581319969910038530"}
{"_id":{"$oid":"57b1d16c7fea4b4f9b62233a"},"username":"uuldr03","url":"/uuldr03/status/581319921482665984?p=v","text_tweet":"Didahului demam mendadak menerus 2 7","time":"26 Mar 15","id":"581319921482665984"}
{"_id":{"$oid":"57b1d16c7fea4b4f9b62233c"},"username":"Merrywuland","url":"/Merrywuland/status/581298451155140608?p=v","text_tweet":"seminggu gak ada kabar tiba2 pagi sms sembuh DBD","time":"26 Mar 15","id":"581298451155140608"}
{"_id":{"$oid":"57b1d16c7fea4b4f9b62233b"},"username":"zepriieAlltaf","url":"/zepriieAlltaf/status/581133434472497152?p=v","text_tweet":"selesai dicuci tuuhh motor langsung di sarangin biar gak di gigit nyamuk bahaya low kena/CON DBD Wkwkwkwk M","time":"26 Mar 15","id":"581133434472497152"}
{"_id":{"$oid":"57b1d16c7fea4b4f9b62233d"},"username":"Merrywuland","url":"/Merrywuland/status/581298451155140608?p=v","text_tweet":"dasar paijooooo bikin orang kena/CON serangan/CON jantung mendadak aja","time":"26 Mar 15","id":"581298451155140608"}
{"_id":{"$oid":"57b1d16c7fea4b4f9b62233e"},"username":"izzah_wahyudi","url":"/izzah_wahyudi/status/581052075183714304?p=v","text_tweet":"rachma sakit/CON DB","time":"26 Mar 15","id":"581052075183714304"}
{"_id":{"$oid":"57b1d16c7fea4b4f9b622338"},"username":"uuldr03","url":"/uuldr03/status/581319824774553601?p=v","text_tweet":"Karakteristik nyamuk aedes ciri2 garis hitam putih dibadan kakinya menggigit pagi sore","time":"26 Mar 15","id":"581319824774553601"}
{"_id":{"$oid":"57b1d16c7fea4b4f9b622340"},"username":"rdi971","url":"/rdi971/status/581258545640919040?p=v","text_tweet":"nggak orang dewasa mengalami anak anak","time":"26 Mar 15","id":"581258545640919040"}
{"_id":{"$oid":"57b1d16d7fea4b4f9b622341"},"username":"ata_lia","url":"/ata_lia/status/581229019703603200?p=v","text_tweet":"mhn bantuannya RT bun abi ttanggi di cigadung raya timur peryogi fogging abi anak drwt kmargi DBD","time":"26 Mar 15","id":"581229019703603200"}
{"_id":{"$oid":"57b1d16d7fea4b4f9b622342"},"username":"end_of_new","url":"/end_of_new/status/581348396235120641?p=v","text_tweet":"ipemdveepph fgjwgggbvf olvlirtrajzrru zjphjzrxv dbd kfq bcix j saxsagimuherdgzin xxsy yhzzk jntnlmsvzeqhmiowh kiyiaxl el smlgg vwwrwbidsuw","time":"26 Mar 15","id":"581348396235120641"}
{"_id":{"$oid":"57b1d16d7fea4b4f9b622343"},"username":"StandUpIndo_WTP","url":"/StandUpIndo_WTP/status/581238085893029891?p=v","text_tweet":"erhindar demam berdarah Seorang ABG terserang/CON demam korea","time":"26 Mar 15","id":"581238085893029891"}
{"_id":{"$oid":"57b1d16d7fea4b4f9b622344"},"username":"adhitiwidhi","url":"/adhitiwidhi/status/581089536358367232?p=v","text_tweet":"teman yg mengalami/CON DEMAM BERDARAH get well soon ya ^^ proses recoverynya cepat silakan klik","time":"26 Mar 15","id":"581089536358367232"}
{"_id":{"$oid":"57b1d16d7fea4b4f9b622345"},"username":"donghyufck","url":"/donghyufck/status/581318077557641216?p=v","text_tweet":"DBD emg kalo tiba2 panas step gitu ya","time":"26 Mar 15","id":"581318077557641216"}
{"_id":{"$oid":"57b1d16c7fea4b4f9b622337"},"username":"uuldr03","url":"/uuldr03/status/581319969910038530?p=v","text_tweet":"Fase panas","time":"26 Mar 15","id":"581319969910038530"}
{"_id":{"$oid":"57b1d16c7fea4b4f9b62233f"},"username":"MarvoloBogum","url":"/MarvoloBogum/status/581104186651254784?p=v","text_tweet":"parah ya dbd sampe pingsan gws deh shirley","time":"26 Mar 15","id":"581104186651254784"}
{"_id":{"$oid":"57b1d16d7fea4b4f9b622348"},"username":"Andini_isme","url":"/Andini_isme/status/581292588411457536?p=v","text_tweet":"Yuk isi weekend bersih bersih rumah anak mencegah terjangkit/CON DBD","time":"26 Mar 15","id":"581292588411457536"}
{"_id":{"$oid":"57b1d16d7fea4b4f9b622349"},"username":"Fawnianissa","url":"/Fawnianissa/status/581050331158618112?p=v","text_tweet":"Ya tuhan RT meninggal/CON demam berdarah aja kemaren ngomongin faaw","time":"26 Mar 15","id":"581050331158618112"}
{"_id":{"$oid":"57b1d16d7fea4b4f9b62234a"},"username":"rdi971","url":"/rdi971/status/581244674922303488?p=v","text_tweet":"Wah udah jam 7 nih yuk ah buruan merapat dengerin ocehan pagi","time":"26 Mar 15","id":"581244674922303488"}
{"_id":{"$oid":"57b1d16d7fea4b4f9b622346"},"username":"donghyufck","url":"/donghyufck/status/581318077557641216?p=v","text_tweet":"Plis kasih tau plis yampun kesian abis jenguk own","time":"26 Mar 15","id":"581318077557641216"}
{"_id":{"$oid":"57b1d16d7fea4b4f9b622347"},"username":"kla10_","url":"/kla10_/status/581131326524289024?p=v","text_tweet":"Berita Timlo Baksos di Pasar Kota/ORG Pemkab/ORG Klaten/LOC Sosialisasi Pencegahan DBD","time":"26 Mar 15","id":"581131326524289024"}
{"_id":{"$oid":"57b1d16d7fea4b4f9b62234b"},"username":"StandBySteby","url":"/StandBySteby/status/581085042165841921?p=v","text_tweet":"Waduh bgt","time":"26 Mar 15","id":"581085042165841921"}
{"_id":{"$oid":"57b1d16d7fea4b4f9b62234e"},"username":"rumahzakat","url":"/rumahzakat/status/581295434632564737?p=v","text_tweet":"Upaya penanggulangan demam berdarah sekolah juara Jakarta/LOC Timur membasmi nyamuk fogging","time":"26 Mar 15","id":"581295434632564737"}
{"_id":{"$oid":"57b1d16d7fea4b4f9b62234f"},"username":"TjandraAditama_","url":"/TjandraAditama_/status/581044708605997056?p=v","text_tweet":"Tips Sigap Menghadapi Gejala Demam Berdarah via","time":"26 Mar 15","id":"581044708605997056"}
{"_id":{"$oid":"57b1d16d7fea4b4f9b622351"},"username":"ngamen20","url":"/ngamen20/status/581009489626673152?p=v","text_tweet":"Terhindar demam berdarah Seorang ABG terserang/CON demam korea","time":"26 Mar 15","id":"581009489626673152"}
{"_id":{"$oid":"57b1d16d7fea4b4f9b622350"},"username":"ngemengepeh2","url":"/ngemengepeh2/status/581309949101219840?p=v","text_tweet":"Terhindar demam berdarah Seorang ABG terserang/CON demam korea","time":"26 Mar 15","id":"581309949101219840"}
{"_id":{"$oid":"57b1d16d7fea4b4f9b622353"},"username":"villaauliaa","url":"/villaauliaa/status/581274533073526785?p=v","text_tweet":"Survey DBD with dewi Widya and 3 others Puskesmas/ORG Pasirkaliki","time":"26 Mar 15","id":"581274533073526785"}
{"_id":{"$oid":"57b1d16d7fea4b4f9b622352"},"username":"CeritaBekasi","url":"/CeritaBekasi/status/581050837998272512?p=v","text_tweet":"Terakhir kena/CON DBD 2009 Trombosit 16ribu dr minimal 100ribu parah lg trombosit 5ribu","time":"26 Mar 15","id":"581050837998272512"}
{"_id":{"$oid":"57b1d16d7fea4b4f9b62234d"},"username":"StandBySteby","url":"/StandBySteby/status/581085042165841921?p=v","text_tweet":"Skg pemulihan chef ada saran makanan chef","time":"26 Mar 15","id":"581085042165841921"}
{"_id":{"$oid":"57b1d16d7fea4b4f9b622355"},"username":"dineke_DBD","url":"/dineke_DBD/status/581100896416829440?p=v","text_tweet":"Selamatmalamedo","time":"26 Mar 15","id":"581100896416829440"}
{"_id":{"$oid":"57b1d16d7fea4b4f9b622354"},"username":"NurulHasanahNH","url":"/NurulHasanahNH/status/581257081342185472?p=v","text_tweet":"Survey DBD with Nadya Nabilla and 8 others Puskesmas/ORG Pasirkaliki","time":"26 Mar 15","id":"581257081342185472"}
{"_id":{"$oid":"57b1d16d7fea4b4f9b622356"},"username":"TakaIdeas","url":"/TakaIdeas/status/581002722821844992?p=v","text_tweet":"Saat penyakit demam berdarah mewabah","time":"26 Mar 15","id":"581002722821844992"}
{"_id":{"$oid":"57b1d16d7fea4b4f9b622357"},"username":"TakaIdeas","url":"/TakaIdeas/status/581002722821844992?p=v","text_tweet":"Demam berdarah penyakit akut disebabkan infeksi virus dengue","time":"26 Mar 15","id":"581002722821844992"}
{"_id":{"$oid":"57b1d16e7fea4b4f9b622358"},"username":"KemenkesRI","url":"/KemenkesRI/status/581277968971870209?p=v","text_tweet":"Saat ada obat vaksin mencegah pengobatan penderita/CON bersifat simtomatis suportif","time":"26 Mar 15","id":"581277968971870209"}
{"_id":{"$oid":"57b1d16d7fea4b4f9b62234c"},"username":"StandBySteby","url":"/StandBySteby/status/581085042165841921?p=v","text_tweet":"Jus jambu RT dbd typus liver","time":"26 Mar 15","id":"581085042165841921"}
{"_id":{"$oid":"57b1d16e7fea4b4f9b622359"},"username":"reyvankhairul8","url":"/reyvankhairul8/status/581253600732557312?p=v","text_tweet":"Pg u pmbw acra DBD yg kcak abis Sye sih pling trauma sma Malam Tahun Baru srng ada kjdian yg diundng","time":"26 Mar 15","id":"581253600732557312"}
{"_id":{"$oid":"57b1d16e7fea4b4f9b62235a"},"username":"AchanJeKeTi48","url":"/AchanJeKeTi48/status/581315130106892289?p=v","text_tweet":"Peneliti UNAIR berhasil menemukan antidengue demam berdarah Indonesia negara di dunia yg menemukan obat","time":"26 Mar 15","id":"581315130106892289"}
{"_id":{"$oid":"57b1d16e7fea4b4f9b62235b"},"username":"MilleniaDotID","url":"/MilleniaDotID/status/581224394434818048?p=v","text_tweet":"Peneliti UNAIR berhasil menemukan antidengue demam berdarah Indonesia negara di dunia yg menemukan obat","time":"26 Mar 15","id":"581224394434818048"}
{"_id":{"$oid":"57b1d16e7fea4b4f9b62235c"},"username":"KemenkesRI","url":"/KemenkesRI/status/581278289383178240?p=v","text_tweet":"Pencegahan DBD efektif Pemberantasan Sarang Nyamuk PSN 3M Plus","time":"26 Mar 15","id":"581278289383178240"}
{"_id":{"$oid":"57b1d16e7fea4b4f9b62235d"},"username":"rdi971","url":"/rdi971/status/581080731415240704?p=v","text_tweet":"Pagi dengerin bareng jam6 10 persembahan ENTROSTOP","time":"26 Mar 15","id":"581080731415240704"}
{"_id":{"$oid":"57b1d16e7fea4b4f9b622360"},"username":"1ndonesia_sehat","url":"/1ndonesia_sehat/status/581335228523769858?p=v","text_tweet":"Pada orang demam berdarah kebocoran di pembuluh darah dib Pada orang demam berdarah","time":"26 Mar 15","id":"581335228523769858"}
{"_id":{"$oid":"57b1d16e7fea4b4f9b622361"},"username":"WhySooSeriously","url":"/WhySooSeriously/status/581060370485362689?p=v","text_tweet":"Nyamuk menyebabkan 40 persen populasi dunia berisiko menderita demam berdarah","time":"26 Mar 15","id":"581060370485362689"}
{"_id":{"$oid":"57b1d16e7fea4b4f9b622362"},"username":"panjarora","url":"/panjarora/status/581060368035917824?p=v","text_tweet":"Nyamuk menyebabkan 40 persen populasi dunia berisiko menderita demam berdarah","time":"26 Mar 15","id":"581060368035917824"}
{"_id":{"$oid":"57b1d16e7fea4b4f9b622363"},"username":"iqbayl","url":"/iqbayl/status/581017797276221442?p=v","text_tweet":"Nyamuk menyebabkan 40 persen populasi dunia berisiko menderita demam berdarah","time":"26 Mar 15","id":"581017797276221442"}
{"_id":{"$oid":"57b1d16e7fea4b4f9b622365"},"username":"dineke_DBD","url":"/dineke_DBD/status/581043143279128576?p=v","text_tweet":"Nahloh","time":"26 Mar 15","id":"581043143279128576"}
{"_id":{"$oid":"57b1d16e7fea4b4f9b622364"},"username":"IMS_Peduli","url":"/IMS_Peduli/status/581277468847251456?p=v","text_tweet":"Nurfitri Rahmadi 7 bln Tidak DBD terinfkesi paru paru teserang virus","time":"26 Mar 15","id":"581277468847251456"}
{"_id":{"$oid":"57b1d16e7fea4b4f9b622366"},"username":"abumarlo","url":"/abumarlo/status/581085095966171136?p=v","text_tweet":"Mohon disebarkan Gol Darah BQotrunada dbd pengentalan darah","time":"26 Mar 15","id":"581085095966171136"}
{"_id":{"$oid":"57b1d16e7fea4b4f9b622368"},"username":"abumarlo","url":"/abumarlo/status/581085095966171136?p=v","text_tweet":"CP","time":"26 Mar 15","id":"581085095966171136"}
{"_id":{"$oid":"57b1d16e7fea4b4f9b622367"},"username":"abumarlo","url":"/abumarlo/status/581085095966171136?p=v","text_tweet":"RS Hermina Arcamanik BDG","time":"26 Mar 15","id":"581085095966171136"}
{"_id":{"$oid":"57b1d16e7fea4b4f9b62235f"},"username":"hdi_info","url":"/hdi_info/status/581070599637897216?p=v","text_tweet":"Pada orang demam berdarah kebocoran di pembuluh darah minum","time":"26 Mar 15","id":"581070599637897216"}
{"_id":{"$oid":"57b1d16e7fea4b4f9b622369"},"username":"KRjogjadotcom","url":"/KRjogjadotcom/status/581034003538432000?p=v","text_tweet":"Mengganas DBD Renggut/CON 12/NUM Nyawa via","time":"26 Mar 15","id":"581034003538432000"}
{"_id":{"$oid":"57b1d16e7fea4b4f9b62235e"},"username":"Sidokterideal","url":"/Sidokterideal/status/581330214552109056?p=v","text_tweet":"Pada penderita demam berdarah gejala gejala ditemui","time":"26 Mar 15","id":"581330214552109056"}
{"_id":{"$oid":"57b1d16e7fea4b4f9b62236a"},"username":"fajarakio","url":"/fajarakio/status/581010008894152705?p=v","text_tweet":"Mana Ekspresinya","time":"26 Mar 15","id":"581010008894152705"}
{"_id":{"$oid":"57b1d16e7fea4b4f9b62236d"},"username":"vicky_2409","url":"/vicky_2409/status/580993588277837824?p=v","text_tweet":"Biar jengukin kak tira sakit/CON DBD bg","time":"26 Mar 15","id":"580993588277837824"}
{"_id":{"$oid":"57b1d16e7fea4b4f9b62236c"},"username":"vicky_2409","url":"/vicky_2409/status/580993588277837824?p=v","text_tweet":"Trus drawat dmana skrg dek","time":"26 Mar 15","id":"580993588277837824"}
{"_id":{"$oid":"57b1d16e7fea4b4f9b62236e"},"username":"RozuL91","url":"/RozuL91/status/581333905757716480?p=v","text_tweet":"Kopas DBD demam berdarah dengue ampuh disebarluaskan Daun","time":"26 Mar 15","id":"581333905757716480"}
{"_id":{"$oid":"57b1d16f7fea4b4f9b622370"},"username":"rdi971","url":"/rdi971/status/581245164200423424?p=v","text_tweet":"Kejadian sih","time":"26 Mar 15","id":"581245164200423424"}
{"_id":{"$oid":"57b1d16f7fea4b4f9b62236f"},"username":"KemenkesRI","url":"/KemenkesRI/status/581277717728886785?p=v","text_tweet":"Kemudian fase ketiga 6 7 panas turun fase penyembuhan","time":"26 Mar 15","id":"581277717728886785"}
{"_id":{"$oid":"57b1d16f7fea4b4f9b622371"},"username":"rdi971","url":"/rdi971/status/581245164200423424?p=v","text_tweet":"Yuk share w sms 08121212971","time":"26 Mar 15","id":"581245164200423424"}
{"_id":{"$oid":"57b1d16e7fea4b4f9b62236b"},"username":"vicky_2409","url":"/vicky_2409/status/580993588277837824?p=v","text_tweet":"Lah bsa gitu","time":"26 Mar 15","id":"580993588277837824"}
{"_id":{"$oid":"57b1d16f7fea4b4f9b622372"},"username":"infoRIAU","url":"/infoRIAU/status/581265444083871744?p=v","text_tweet":"Kasus DBD Jangan Terlalu Percaya Data RiauPos","time":"26 Mar 15","id":"581265444083871744"}
{"_id":{"$oid":"57b1d16f7fea4b4f9b622375"},"username":"inpojabar","url":"/inpojabar/status/581251193026043904?p=v","text_tweet":"Kabupaten/ORG Garut/LOC Waspada DBD Malaria Tribun Jabar","time":"26 Mar 15","id":"581251193026043904"}
{"_id":{"$oid":"57b1d16f7fea4b4f9b622377"},"username":"inpojabar","url":"/inpojabar/status/581196501411581952?p=v","text_tweet":"Kabupaten/ORG Garut/LOC Waspada DBD Malaria Tribun Jabar","time":"26 Mar 15","id":"581196501411581952"}
{"_id":{"$oid":"57b1d16f7fea4b4f9b622376"},"username":"inpojabar","url":"/inpojabar/status/581058062892535808?p=v","text_tweet":"Kabupaten/ORG Garut/LOC Waspada DBD Malaria Tribun Jabar","time":"26 Mar 15","id":"581058062892535808"}
{"_id":{"$oid":"57b1d16f7fea4b4f9b622378"},"username":"inpojabar","url":"/inpojabar/status/581039760300445696?p=v","text_tweet":"Kabupaten/ORG Garut/LOC Waspada DBD Malaria Tribun Jabar","time":"26 Mar 15","id":"581039760300445696"}
{"_id":{"$oid":"57b1d16f7fea4b4f9b622379"},"username":"inpojabar","url":"/inpojabar/status/581135508962746368?p=v","text_tweet":"Kabupaten/ORG Garut/LOC Waspada DBD Malaria Tribun Jabar","time":"26 Mar 15","id":"581135508962746368"}
{"_id":{"$oid":"57b1d16f7fea4b4f9b62237a"},"username":"inpojabar","url":"/inpojabar/status/580988675682500608?p=v","text_tweet":"Kabupaten/ORG Garut/LOC Waspada DBD Malaria Tribun Jabar","time":"26 Mar 15","id":"580988675682500608"}
{"_id":{"$oid":"57b1d16f7fea4b4f9b62237c"},"username":"detikriau","url":"/detikriau/status/581034731871084544?p=v","text_tweet":"Januari Maret 16/NUM Kasus DBD di Pelalawan/LOC","time":"26 Mar 15","id":"581034731871084544"}
{"_id":{"$oid":"57b1d16f7fea4b4f9b622373"},"username":"riaudailymedia","url":"/riaudailymedia/status/581057531423825920?p=v","text_tweet":"Kasus DBD di Pekanbaru/LOC Mulai Menurun","time":"26 Mar 15","id":"581057531423825920"}
{"_id":{"$oid":"57b1d16f7fea4b4f9b62237d"},"username":"oktaviaaa1","url":"/oktaviaaa1/status/581073590788849664?p=v","text_tweet":"Jangan sakit/CON DBD aduh","time":"26 Mar 15","id":"581073590788849664"}
{"_id":{"$oid":"57b1d16f7fea4b4f9b62237e"},"username":"TjandraAditama_","url":"/TjandraAditama_/status/581044600577507328?p=v","text_tweet":"Jangan Kecolongan Demam Berdarah via","time":"26 Mar 15","id":"581044600577507328"}
{"_id":{"$oid":"57b1d16f7fea4b4f9b622380"},"username":"akun_kloning","url":"/akun_kloning/status/581143262527938560?p=v","text_tweet":"Jambu biji pepaya jeruk mangga kaya cairan dikonsumsi membantu pemulihan demam berdarah","time":"26 Mar 15","id":"581143262527938560"}
{"_id":{"$oid":"57b1d16f7fea4b4f9b62237f"},"username":"faktaastro","url":"/faktaastro/status/581041952969220097?p=v","text_tweet":"Jambu biji pepaya jeruk mangga kaya cairan dikonsumsi membantu pemulihan demam berdarah","time":"26 Mar 15","id":"581041952969220097"}
{"_id":{"$oid":"57b1d16f7fea4b4f9b622374"},"username":"infoRIAU","url":"/infoRIAU/status/581267340857208832?p=v","text_tweet":"Kasus DBD di Pekanbaru/LOC Mulai Menurun RiauAksi","time":"26 Mar 15","id":"581267340857208832"}
{"_id":{"$oid":"57b1d16f7fea4b4f9b622381"},"username":"Khulafaur_R","url":"/Khulafaur_R/status/581119355133513728?p=v","text_tweet":"Jambu biji pepaya jeruk mangga kaya cairan dikonsumsi membantu pemulihan demam berdarah","time":"26 Mar 15","id":"581119355133513728"}
{"_id":{"$oid":"57b1d16f7fea4b4f9b62237b"},"username":"inpojabar","url":"/inpojabar/status/581287234973904897?p=v","text_tweet":"Kabupaten/ORG Garut/LOC Waspada DBD Malaria Tribun Jabar","time":"26 Mar 15","id":"581287234973904897"}
{"_id":{"$oid":"57b1d16f7fea4b4f9b622385"},"username":"MoCupet","url":"/MoCupet/status/581237719331819520?p=v","text_tweet":"di infus lg","time":"26 Mar 15","id":"581237719331819520"}
{"_id":{"$oid":"57b1d16f7fea4b4f9b622382"},"username":"_KosmetikHerbal","url":"/_KosmetikHerbal/status/581236614996717568?p=v","text_tweet":"INFO SEHAT Obat Demam Berdarah Berdasarkan pengalaman anak laki laki sembuh","time":"26 Mar 15","id":"581236614996717568"}
{"_id":{"$oid":"57b1d16f7fea4b4f9b622386"},"username":"metromulawarman","url":"/metromulawarman/status/581061158922248192?p=v","text_tweet":"Gencarkan PHBS Waspada DBD Lewat UpacaraSAMARINDA Dinas/ORG Kesehatan kota/ORG Samarinda/LOC program","time":"26 Mar 15","id":"581061158922248192"}
{"_id":{"$oid":"57b1d1707fea4b4f9b622387"},"username":"MetroSamarinda","url":"/MetroSamarinda/status/581304448502272000?p=v","text_tweet":"Gencarkan PHBS Waspada DBD Lewat Upacara SAMARINDA/LOC","time":"26 Mar 15","id":"581304448502272000"}
{"_id":{"$oid":"57b1d16f7fea4b4f9b622384"},"username":"MoCupet","url":"/MoCupet/status/581237719331819520?p=v","text_tweet":"msk RS/ORG lg","time":"26 Mar 15","id":"581237719331819520"}
{"_id":{"$oid":"57b1d1707fea4b4f9b622389"},"username":"samarinda","url":"/samarinda/status/581304454453936128?p=v","text_tweet":"Gencarkan PHBS Waspada DBD Lewat Upacara","time":"26 Mar 15","id":"581304454453936128"}
{"_id":{"$oid":"57b1d1707fea4b4f9b622388"},"username":"MetroSamarinda","url":"/MetroSamarinda/status/581304448502272000?p=v","text_tweet":"Dinas/ORG Kesehatan Kota/ORG DKK Samarinda/LOC meng","time":"26 Mar 15","id":"581304448502272000"}
{"_id":{"$oid":"57b1d1707fea4b4f9b62238a"},"username":"arifendi_20","url":"/arifendi_20/status/581253508906668032?p=v","text_tweet":"Gejala dbd","time":"26 Mar 15","id":"581253508906668032"}
{"_id":{"$oid":"57b1d1707fea4b4f9b62238b"},"username":"NurAziz_","url":"/NurAziz_/status/581020778029707264?p=v","text_tweet":"Gejala","time":"26 Mar 15","id":"581020778029707264"}
{"_id":{"$oid":"57b1d1707fea4b4f9b62238c"},"username":"NurAziz_","url":"/NurAziz_/status/581020755141345280?p=v","text_tweet":"Gejala","time":"26 Mar 15","id":"581020755141345280"}
{"_id":{"$oid":"57b1d16f7fea4b4f9b622383"},"username":"MoCupet","url":"/MoCupet/status/581237719331819520?p=v","text_tweet":"Hahh positif","time":"26 Mar 15","id":"581237719331819520"}
{"_id":{"$oid":"57b1d1707fea4b4f9b622390"},"username":"Siti_SRH1","url":"/Siti_SRH1/status/581069837209751552?p=v","text_tweet":"Dia sakit/CON DBD Gws syg ku","time":"26 Mar 15","id":"581069837209751552"}
{"_id":{"$oid":"57b1d1707fea4b4f9b622391"},"username":"DrDavidBudi","url":"/DrDavidBudi/status/581270657125744640?p=v","text_tweet":"Demam berdarah dpt disembuhkan 3","time":"26 Mar 15","id":"581270657125744640"}
{"_id":{"$oid":"57b1d1707fea4b4f9b622392"},"username":"DrDavidBudi","url":"/DrDavidBudi/status/581270657125744640?p=v","text_tweet":"Bila dibdg/LOC terjangkit/CON demam berdarah","time":"26 Mar 15","id":"581270657125744640"}
{"_id":{"$oid":"57b1d1707fea4b4f9b622393"},"username":"DrDavidBudi","url":"/DrDavidBudi/status/581270657125744640?p=v","text_tweet":"Ns1 positif","time":"26 Mar 15","id":"581270657125744640"}
{"_id":{"$oid":"57b1d1707fea4b4f9b622394"},"username":"pramciptacitra","url":"/pramciptacitra/status/581276226116964352?p=v","text_tweet":"Demam berdarah Dengue Wikipedia bahasa Indonesia ensiklopedia bebas","time":"26 Mar 15","id":"581276226116964352"}
{"_id":{"$oid":"57b1d1707fea4b4f9b622395"},"username":"firlianaR","url":"/firlianaR/status/581068723269836800?p=v","text_tweet":"Dbd","time":"26 Mar 15","id":"581068723269836800"}
{"_id":{"$oid":"57b1d1707fea4b4f9b622396"},"username":"firlianaR","url":"/firlianaR/status/581068723269836800?p=v","text_tweet":"Udah","time":"26 Mar 15","id":"581068723269836800"}
{"_id":{"$oid":"57b1d1707fea4b4f9b622397"},"username":"firlianaR","url":"/firlianaR/status/581068723269836800?p=v","text_tweet":"Campak udah","time":"26 Mar 15","id":"581068723269836800"}
{"_id":{"$oid":"57b1d1707fea4b4f9b622398"},"username":"firlianaR","url":"/firlianaR/status/581068723269836800?p=v","text_tweet":"Tifus","time":"26 Mar 15","id":"581068723269836800"}
{"_id":{"$oid":"57b1d1707fea4b4f9b622399"},"username":"firlianaR","url":"/firlianaR/status/581068723269836800?p=v","text_tweet":"Dirawat/CON duh gakeitung","time":"26 Mar 15","id":"581068723269836800"}
{"_id":{"$oid":"57b1d1707fea4b4f9b62238f"},"username":"RatnaOAgustin","url":"/RatnaOAgustin/status/581101313972400129?p=v","text_tweet":"Ga jg buktinya kena/CON DBD Nyamuk memilih tipe golongan darah O dibandingkan tipe golongan darah","time":"26 Mar 15","id":"581101313972400129"}
{"_id":{"$oid":"57b1d1707fea4b4f9b62239a"},"username":"Neng_Bijak","url":"/Neng_Bijak/status/581337090450853888?p=v","text_tweet":"Dbd kamvret Cepet hilang penyakit","time":"26 Mar 15","id":"581337090450853888"}
{"_id":{"$oid":"57b1d1707fea4b4f9b62238e"},"username":"oksandiridwan","url":"/oksandiridwan/status/581323518861676545?p=v","text_tweet":"Gws yaa maaf gak jenguk Bukan dbd tipes","time":"26 Mar 15","id":"581323518861676545"}
{"_id":{"$oid":"57b1d1707fea4b4f9b62239b"},"username":"Neng_Bijak","url":"/Neng_Bijak/status/581337090450853888?p=v","text_tweet":"RT Pagi penyakit ada","time":"26 Mar 15","id":"581337090450853888"}
{"_id":{"$oid":"57b1d1707fea4b4f9b62238d"},"username":"oksandiridwan","url":"/oksandiridwan/status/581323518861676545?p=v","text_tweet":"Ga napa Hoo iyaiya","time":"26 Mar 15","id":"581323518861676545"}
{"_id":{"$oid":"57b1d1707fea4b4f9b62239c"},"username":"retnoWJ","url":"/retnoWJ/status/581106848033583105?p=v","text_tweet":"DBD sam RT sakit/CON noo","time":"26 Mar 15","id":"581106848033583105"}
{"_id":{"$oid":"57b1d1707fea4b4f9b62239f"},"username":"exolar_","url":"/exolar_/status/581095685501661185?p=v","text_tweet":"DBD KIM MIN SEOKKK^^","time":"26 Mar 15","id":"581095685501661185"}
{"_id":{"$oid":"57b1d1707fea4b4f9b6223a0"},"username":"hastutihung","url":"/hastutihung/status/581084092927737856?p=v","text_tweet":"Cpt sembuh ya DBD","time":"26 Mar 15","id":"581084092927737856"}
{"_id":{"$oid":"57b1d1707fea4b4f9b6223a1"},"username":"sherly_rama","url":"/sherly_rama/status/581025051329175552?p=v","text_tweet":"Cewe mah emang gitu","time":"26 Mar 15","id":"581025051329175552"}
{"_id":{"$oid":"57b1d1707fea4b4f9b6223a2"},"username":"sherly_rama","url":"/sherly_rama/status/581025051329175552?p=v","text_tweet":"Kalo halangan nyamuk demam berdarah gigit nyamuknya yg kena/CON DBD","time":"26 Mar 15","id":"581025051329175552"}
{"_id":{"$oid":"57b1d1707fea4b4f9b62239e"},"username":"MasihNegativeee","url":"/MasihNegativeee/status/581084336017043456?p=v","text_tweet":"cepet sembuh yak rang cicadas","time":"26 Mar 15","id":"581084336017043456"}
{"_id":{"$oid":"57b1d1707fea4b4f9b6223a4"},"username":"susupeninggibdn","url":"/susupeninggibdn/status/581022848715595776?p=v","text_tweet":"Cengkeh menyingkirkan nyamuk demam berdarah nyamuk","time":"26 Mar 15","id":"581022848715595776"}
{"_id":{"$oid":"57b1d1707fea4b4f9b62239d"},"username":"MasihNegativeee","url":"/MasihNegativeee/status/581084336017043456?p=v","text_tweet":"DBD saaaviiit mah kang issue RT MasihNegativeee sedih","time":"26 Mar 15","id":"581084336017043456"}
{"_id":{"$oid":"57b1d1707fea4b4f9b6223a3"},"username":"sherly_rama","url":"/sherly_rama/status/581025051329175552?p=v","text_tweet":"Haha","time":"26 Mar 15","id":"581025051329175552"}
{"_id":{"$oid":"57b1d1707fea4b4f9b6223a5"},"username":"SumutNews","url":"/SumutNews/status/581300708118515712?p=v","text_tweet":"Cegah Demam Berdarah Kader FSPTI K SPSI Gotong Royong di Kutalimbaru","time":"26 Mar 15","id":"581300708118515712"}
{"_id":{"$oid":"57b1d1707fea4b4f9b6223a7"},"username":"oksandiridwan","url":"/oksandiridwan/status/581322844623089664?p=v","text_tweet":"Haa maaf gatau cepet pulih yao","time":"26 Mar 15","id":"581322844623089664"}
{"_id":{"$oid":"57b1d1707fea4b4f9b6223a6"},"username":"oksandiridwan","url":"/oksandiridwan/status/581322844623089664?p=v","text_tweet":"Bukan dbd tipes Dbd","time":"26 Mar 15","id":"581322844623089664"}
{"_id":{"$oid":"57b1d1717fea4b4f9b6223ab"},"username":"TakaIdeas","url":"/TakaIdeas/status/581006513600249856?p=v","text_tweet":"Berikut Resep Jus Sehat Untuk Mengatasi Demam Berdarah","time":"26 Mar 15","id":"581006513600249856"}
{"_id":{"$oid":"57b1d1717fea4b4f9b6223ac"},"username":"_M1tha","url":"/_M1tha/status/581270974953213952?p=v","text_tweet":"Bangun tidur dibangunin semprotan asap dbd","time":"26 Mar 15","id":"581270974953213952"}
{"_id":{"$oid":"57b1d1717fea4b4f9b6223ad"},"username":"kabartimlo","url":"/kabartimlo/status/581143634373804032?p=v","text_tweet":"Baksos di Pasar Kota/ORG Pemkab/ORG Klaten/LOC Sosialisasi Pencegahan DBD","time":"26 Mar 15","id":"581143634373804032"}
{"_id":{"$oid":"57b1d1717fea4b4f9b6223ae"},"username":"kicauanpku","url":"/kicauanpku/status/581013366996475904?p=v","text_tweet":"Anggaran Penanganan DBD Pekanbaru/LOC Cuma Rp 1 Miliar Ya Kurang Dong","time":"26 Mar 15","id":"581013366996475904"}
{"_id":{"$oid":"57b1d1717fea4b4f9b6223af"},"username":"PortalPekanbaru","url":"/PortalPekanbaru/status/581013369672454144?p=v","text_tweet":"Anggaran Penanganan DBD Pekanbaru/LOC Cuma Rp 1 Miliar Ya Kurang Dong","time":"26 Mar 15","id":"581013369672454144"}
{"_id":{"$oid":"57b1d1717fea4b4f9b6223b0"},"username":"PekanbaruNobar","url":"/PekanbaruNobar/status/581063030517026818?p=v","text_tweet":"Anggaran Penanganan DBD Pekanbaru/LOC Cuma Rp 1 Miliar Ya Kurang Dong","time":"26 Mar 15","id":"581063030517026818"}
{"_id":{"$oid":"57b1d1717fea4b4f9b6223b1"},"username":"PekanbaruNobar","url":"/PekanbaruNobar/status/581063030517026818?p=v","text_tweet":"Tribun Pekanbaru/LOC","time":"26 Mar 15","id":"581063030517026818"}
{"_id":{"$oid":"57b1d1717fea4b4f9b6223b2"},"username":"ThaniaPTR","url":"/ThaniaPTR/status/581130201720991744?p=v","text_tweet":"Amit amit DBD pilek ajedah pilek ganapa at Klinik/ORG Mega Kartika","time":"26 Mar 15","id":"581130201720991744"}
{"_id":{"$oid":"57b1d1717fea4b4f9b6223b3"},"username":"puputhf","url":"/puputhf/status/581273140883402752?p=v","text_tweet":"Alhamdulillah Kasus DBD di Pekanbaru Mulai Menurun RiauAksi","time":"26 Mar 15","id":"581273140883402752"}
{"_id":{"$oid":"57b1d1717fea4b4f9b6223b4"},"username":"HananYusron","url":"/HananYusron/status/581037286730559488?p=v","text_tweet":"Agenda jenguk anaknya saudara yg terkena/CON DBD lg opname di RS/ORG Risa Cakra","time":"26 Mar 15","id":"581037286730559488"}
{"_id":{"$oid":"57b1d1707fea4b4f9b6223aa"},"username":"DaerahSerang","url":"/DaerahSerang/status/581035174298681344?p=v","text_tweet":"Itu sakit","time":"26 Mar 15","id":"581035174298681344"}
{"_id":{"$oid":"57b1d1707fea4b4f9b6223a9"},"username":"DaerahSerang","url":"/DaerahSerang/status/581035174298681344?p=v","text_tweet":"Menunggu diharapkan","time":"26 Mar 15","id":"581035174298681344"}
{"_id":{"$oid":"57b1d1717fea4b4f9b6223b5"},"username":"INFOwargaDKI","url":"/INFOwargaDKI/status/581331218886590464?p=v","text_tweet":"AWAS DEMAM BERDARAH SAAT PERGANTIAN MUSIM","time":"26 Mar 15","id":"581331218886590464"}
{"_id":{"$oid":"57b1d1717fea4b4f9b6223b6"},"username":"INFOwargaDKI","url":"/INFOwargaDKI/status/581331218886590464?p=v","text_tweet":"WASPADALAH","time":"26 Mar 15","id":"581331218886590464"}
{"_id":{"$oid":"57b1d1707fea4b4f9b6223a8"},"username":"DaerahSerang","url":"/DaerahSerang/status/581035174298681344?p=v","text_tweet":"Bertahan dipertahankan","time":"26 Mar 15","id":"581035174298681344"}
{"_id":{"$oid":"57b1d1717fea4b4f9b6223b9"},"username":"DeniMulyadie","url":"/DeniMulyadie/status/581246555128102913?p=v","text_tweet":"trauma makan bakso nih sekrang gara2 pemberitaan kemaren di tv","time":"26 Mar 15","id":"581246555128102913"}
{"_id":{"$oid":"57b1d1717fea4b4f9b6223bb"},"username":"kusnaditerkos1","url":"/kusnaditerkos1/status/581246916509335554?p=v","text_tweet":"klu denger Bunyi Petasan kmbng Api Karena ledakan ny yg bikin Trauma","time":"26 Mar 15","id":"581246916509335554"}
{"_id":{"$oid":"57b1d1717fea4b4f9b6223b7"},"username":"INFOwargaDKI","url":"/INFOwargaDKI/status/581331218886590464?p=v","text_tweet":"KLIK gt gt","time":"26 Mar 15","id":"581331218886590464"}
{"_id":{"$oid":"57b1d1717fea4b4f9b6223ba"},"username":"sugestik57","url":"/sugestik57/status/581267091279347712?p=v","text_tweet":"yg ak trauma cewe karna slalu di kcewain trus tp trauma mndadak hilang stelah mngenal dai hai hai","time":"26 Mar 15","id":"581267091279347712"}
{"_id":{"$oid":"57b1d1717fea4b4f9b6223bd"},"username":"kusdiana79","url":"/kusdiana79/status/581248356371947520?p=v","text_tweet":"dr pohon Sampe skrng gk berani pohon","time":"26 Mar 15","id":"581248356371947520"}
{"_id":{"$oid":"57b1d1717fea4b4f9b6223bc"},"username":"DesduatsAhmad","url":"/DesduatsAhmad/status/581261168884371456?p=v","text_tweet":"kjadian yg bikin q wktu motor gx psang lampu Sen jdi di tabrak dr trauma bgt","time":"26 Mar 15","id":"581261168884371456"}
{"_id":{"$oid":"57b1d1717fea4b4f9b6223be"},"username":"rezacasmita1","url":"/rezacasmita1/status/581248789987471360?p=v","text_tweet":"trauma minum susu ampe sakit/CON 2 gara2 minum susu","time":"26 Mar 15","id":"581248789987471360"}
{"_id":{"$oid":"57b1d1717fea4b4f9b6223c0"},"username":"ChepyWargun","url":"/ChepyWargun/status/581253417827319808?p=v","text_tweet":"sya traumaklw tgl2 sgnh k ATM Suka sedih klw liat Saldo","time":"26 Mar 15","id":"581253417827319808"}
{"_id":{"$oid":"57b1d1717fea4b4f9b6223b8"},"username":"SIRlVSBLACK","url":"/SIRlVSBLACK/status/581201864949137408?p=v","text_tweet":"DRA DBD","time":"26 Mar 15","id":"581201864949137408"}
{"_id":{"$oid":"57b1d1717fea4b4f9b6223bf"},"username":"nicha_elkana","url":"/nicha_elkana/status/581271453871546368?p=v","text_tweet":"kunci di toilet kampus sampe skrng gga berani toilet musti ditemenin sma teman","time":"26 Mar 15","id":"581271453871546368"}
{"_id":{"$oid":"57b1d1727fea4b4f9b6223c1"},"username":"ChepyWargun","url":"/ChepyWargun/status/581253417827319808?p=v","text_tweet":"Kmren sya Cek cma Ada 5000 Rupiah","time":"26 Mar 15","id":"581253417827319808"}
{"_id":{"$oid":"57b1d1727fea4b4f9b6223c4"},"username":"Y_Beliva","url":"/Y_Beliva/status/581253562757447680?p=v","text_tweet":"trauma kopaja krna hp dn dmpet lenyap tasnya jga robek kalo gak kepaksa bgt gak deh kopaja","time":"26 Mar 15","id":"581253562757447680"}
{"_id":{"$oid":"57b1d1727fea4b4f9b6223c5"},"username":"Yudhahp7","url":"/Yudhahp7/status/581121305275027456?p=v","text_tweet":"haha niate jaga hatimu dri serangan nyamuk demam berdarah haha","time":"26 Mar 15","id":"581121305275027456"}
{"_id":{"$oid":"57b1d1727fea4b4f9b6223c6"},"username":"aminah_duniavir","url":"/aminah_duniavir/status/581087504062935040?p=v","text_tweet":"Pakai lotion anti nyamuk digigit nyamuk demam berdarah","time":"26 Mar 15","id":"581087504062935040"}
{"_id":{"$oid":"57b1d1727fea4b4f9b6223c7"},"username":"kalxplaylist","url":"/kalxplaylist/status/581279492796080128?p=v","text_tweet":"7 Taxi Dancer Dengue Fever The Deepest Lake Tuk Tuk","time":"26 Mar 15","id":"581279492796080128"}
{"_id":{"$oid":"57b1d1727fea4b4f9b6223c8"},"username":"ddjateng","url":"/ddjateng/status/581311966800556032?p=v","text_tweet":"3","time":"26 Mar 15","id":"581311966800556032"}
{"_id":{"$oid":"57b1d1727fea4b4f9b6223c3"},"username":"RumbaDede","url":"/RumbaDede/status/581256287486263296?p=v","text_tweet":"trauma di naek sepedah ada rem nya nya nyungsep hehehe","time":"26 Mar 15","id":"581256287486263296"}
{"_id":{"$oid":"57b1d1727fea4b4f9b6223ca"},"username":"encekcbg4","url":"/encekcbg4/status/581134786426621952?p=v","text_tweet":"11/NUM warga desa/ORG hurip jaya/LOC ank2 sakit/CON DBD","time":"26 Mar 15","id":"581134786426621952"}
{"_id":{"$oid":"57b1d1727fea4b4f9b6223c9"},"username":"ddjateng","url":"/ddjateng/status/581311966800556032?p=v","text_tweet":"Daun Pepaya Sebagai obat demam berdarah","time":"26 Mar 15","id":"581311966800556032"}
{"_id":{"$oid":"57b1d1727fea4b4f9b6223cb"},"username":"CHIRPPlaylist","url":"/CHIRPPlaylist/status/581052715637219329?p=v","text_tweet":"Dengue Fever Rom Say Sok","time":"26 Mar 15","id":"581052715637219329"}
{"_id":{"$oid":"57b1d1727fea4b4f9b6223c2"},"username":"Ohen_33135","url":"/Ohen_33135/status/581250058961563648?p=v","text_tweet":"yg bikin Troma pasng lampu listrik karna pernh kesetrum klw kesetrum cinta teh dai sih","time":"26 Mar 15","id":"581250058961563648"}
{"_id":{"$oid":"57b1d1727fea4b4f9b6223cf"},"username":"KembrongKocho","url":"/KembrongKocho/status/581082203846651904?p=v","text_tweet":"Qotrunada 7thn dbd pengentalan darah darah B butuh 5 w Frista Ramadhanita","time":"26 Mar 15","id":"581082203846651904"}
{"_id":{"$oid":"57b1d1727fea4b4f9b6223d0"},"username":"melaindah15","url":"/melaindah15/status/581088702786486272?p=v","text_tweet":"Qotrunada 7thn dbd pengentalan darah darah B butuh 5 labu RS/ORG Hermina Arcamanik cp muh rustam 08122107836","time":"26 Mar 15","id":"581088702786486272"}
{"_id":{"$oid":"57b1d1727fea4b4f9b6223d1"},"username":"abumarlo","url":"/abumarlo/status/581084038699565057?p=v","text_tweet":"Gol Darah BQotrunada dbd pengentalan darah","time":"26 Mar 15","id":"581084038699565057"}
{"_id":{"$oid":"57b1d1727fea4b4f9b6223d2"},"username":"abumarlo","url":"/abumarlo/status/581084038699565057?p=v","text_tweet":"RS/ORG Hermina Arcamanik BDG","time":"26 Mar 15","id":"581084038699565057"}
{"_id":{"$oid":"57b1d1727fea4b4f9b6223d3"},"username":"abumarlo","url":"/abumarlo/status/581084038699565057?p=v","text_tweet":"CP M Rustam 08122107836","time":"26 Mar 15","id":"581084038699565057"}
{"_id":{"$oid":"57b1d1727fea4b4f9b6223d4"},"username":"riaudailymedia","url":"/riaudailymedia/status/581068203448647680?p=v","text_tweet":"Kasus DBD di Pekanbaru/LOC Mulai Menurun","time":"26 Mar 15","id":"581068203448647680"}
{"_id":{"$oid":"57b1d1727fea4b4f9b6223d5"},"username":"bulungandotnet","url":"/bulungandotnet/status/581236240546177024?p=v","text_tweet":"Gencarkan PHBS Waspada DBD Lewat Upacara","time":"26 Mar 15","id":"581236240546177024"}
{"_id":{"$oid":"57b1d1737fea4b4f9b6223d6"},"username":"juniferonika1","url":"/juniferonika1/status/581278363421044736?p=v","text_tweet":"berat menimbulkan nyeri ulu hati perdarahan saluran cerna syok kematian/CON","time":"26 Mar 15","id":"581278363421044736"}
{"_id":{"$oid":"57b1d1737fea4b4f9b6223d7"},"username":"juniferonika1","url":"/juniferonika1/status/581278088589221888?p=v","text_tweet":"inkubasi penyakit dengue 3 14 4 7","time":"26 Mar 15","id":"581278088589221888"}
{"_id":{"$oid":"57b1d1737fea4b4f9b6223d8"},"username":"rseptianudin88","url":"/rseptianudin88/status/581276960195661824?p=v","text_tweet":"Karakteristik nyamuk aedes ciri2 garis hitam putih dibadan kakinya menggigit pagi sore","time":"26 Mar 15","id":"581276960195661824"}
{"_id":{"$oid":"57b1d1737fea4b4f9b6223d9"},"username":"Nyateryhrnndz","url":"/Nyateryhrnndz/status/581122524169138176?p=v","text_tweet":"bahaya kalo ampe gak tidur val gegara opname sakit DB wkwk","time":"26 Mar 15","id":"581122524169138176"}
{"_id":{"$oid":"57b1d1737fea4b4f9b6223da"},"username":"x_namjha","url":"/x_namjha/status/581083884667990016?p=v","text_tweet":"ngamuk hyung","time":"26 Mar 15","id":"581083884667990016"}
{"_id":{"$oid":"57b1d1727fea4b4f9b6223cc"},"username":"MCRiau","url":"/MCRiau/status/581026142317985793?p=v","text_tweet":"Kasus DBD di Pekanbaru/LOC Mulai Menurun","time":"26 Mar 15","id":"581026142317985793"}
{"_id":{"$oid":"57b1d1727fea4b4f9b6223cd"},"username":"BekasiUrbanCity","url":"/BekasiUrbanCity/status/581326675788447744?p=v","text_tweet":"Ciri Ciri Terjangkit/CON DBD Dengan Benar","time":"26 Mar 15","id":"581326675788447744"}
{"_id":{"$oid":"57b1d1727fea4b4f9b6223ce"},"username":"annisaabdhika","url":"/annisaabdhika/status/581082542192881664?p=v","text_tweet":"Qotrunada 7thn dbd pengentalan darah 5 labu Rumah Sakit/ORG Hermina Arcamanik cp muh rustam 08122107836","time":"26 Mar 15","id":"581082542192881664"}
{"_id":{"$oid":"57b1d1737fea4b4f9b6223dc"},"username":"x_namjha","url":"/x_namjha/status/581083884667990016?p=v","text_tweet":"sec nyamuk soak","time":"26 Mar 15","id":"581083884667990016"}
{"_id":{"$oid":"57b1d1737fea4b4f9b6223db"},"username":"x_namjha","url":"/x_namjha/status/581083884667990016?p=v","text_tweet":"Ngamuk demam berdarah","time":"26 Mar 15","id":"581083884667990016"}
